program_name,studio_name,event_date
あさパラ,２st,2023/4/1
ウェーク,３st,2023/4/1
Ｔ－ＤＢ,R-1,2023/4/1
Bﾘｰｸﾞ,R-2,2023/4/1
Bﾘｰｸﾞ,R-2,2023/4/2
地球便 / 本社,ENG,2023/4/2
すまたん / ミヤネ屋,１st,2023/4/3
ｔｅｎ！,Nst,2023/4/3
すまたん / ミヤネ屋,１st,2023/4/4
ほんわか,３st,2023/4/4
ｔｅｎ！,Nst,2023/4/4
アリス,R-1,2023/4/4
すまたん / ミヤネ屋,１st,2023/4/5
ｔｅｎ！,Nst,2023/4/5
アリス,R-1,2023/4/5
すまたん / ミヤネ屋,１st,2023/4/6
ｔｅｎ！,Nst,2023/4/6
アリス,R-1,2023/4/6
ten中継 / NT,その他,2023/4/6
すまたん / ミヤネ屋 / るてん生,１st,2023/4/7
委員会,３st,2023/4/7
ｔｅｎ！,Nst,2023/4/7
アリス,R-1,2023/4/7
NT貸出,R-2,2023/4/7
東本願寺,ENG,2023/4/7
クギズケ,１st,2023/4/8
あさパラ,２st,2023/4/8
ウェーク,３st,2023/4/8
アリス,R-1,2023/4/8
NT貸出,R-2,2023/4/8
東本願寺,ENG,2023/4/8
選挙配信,Nst,2023/4/9
アリス,R-1,2023/4/9
すまたん / ミヤネ屋,１st,2023/4/10
るてん,２st,2023/4/10
ｔｅｎ！,Nst,2023/4/10
るてん,ENG,2023/4/10
ten拡大,その他,2023/4/10
すまたん / ミヤネ屋,１st,2023/4/11
ｔｅｎ！,Nst,2023/4/11
すまたん / ミヤネ屋,１st,2023/4/12
NT研修,２st,2023/4/12
ｔｅｎ！,Nst,2023/4/12
すまたん / ミヤネ屋,１st,2023/4/13
ネタバレ,３st,2023/4/13
ｔｅｎ！,Nst,2023/4/13
ten中継 / NT,その他,2023/4/13
すまたん / ミヤネ屋,１st,2023/4/14
うさかめ,３st,2023/4/14
ｔｅｎ！,Nst,2023/4/14
声 / 番審,ENG,2023/4/14
あさパラ,２st,2023/4/15
ウェーク,３st,2023/4/15
NT貸出,R-2,2023/4/16
文楽 / 地球便 / 本社,ENG,2023/4/16
すまたん / ミヤネ屋,１st,2023/4/17
ｔｅｎ！,Nst,2023/4/17
NT貸出,R-2,2023/4/17
文楽,ENG,2023/4/17
すまたん / ミヤネ屋,１st,2023/4/18
ｔｅｎ！,Nst,2023/4/18
Ｔ－Ｃ,R-1,2023/4/18
ほんわか,R-2,2023/4/18
PG,ENG,2023/4/18
ほんコメ,その他,2023/4/18
すまたん / ミヤネ屋,１st,2023/4/19
声,２st,2023/4/19
ｔｅｎ！,Nst,2023/4/19
Bﾘｰｸﾞ,R-1,2023/4/19
すまたん / ミヤネ屋,１st,2023/4/20
ｔｅｎ！,Nst,2023/4/20
ten中継 / 関西東通,その他,2023/4/20
すまたん / ミヤネ屋,１st,2023/4/21
委員会,３st,2023/4/21
ｔｅｎ！,Nst,2023/4/21
クギズケ,１st,2023/4/22
あさパラ,２st,2023/4/22
ウェーク,３st,2023/4/22
EXP貸出,R-1,2023/4/22
Bﾘｰｸﾞ,R-2,2023/4/22
EXP貸出,R-1,2023/4/23
Bﾘｰｸﾞ,R-2,2023/4/23
すまたん / ミヤネ屋,１st,2023/4/24
るてん,２st,2023/4/24
土ダメ,３st,2023/4/24
ｔｅｎ！,Nst,2023/4/24
すまたん / ミヤネ屋,１st,2023/4/25
ｔｅｎ！,Nst,2023/4/25
すまたん / ミヤネ屋,１st,2023/4/26
新人研修,２st,2023/4/26
うさかめ,３st,2023/4/26
ｔｅｎ！,Nst,2023/4/26
すまたん / ミヤネ屋,１st,2023/4/27
ネタバレ,３st,2023/4/27
ｔｅｎ！,Nst,2023/4/27
Ｔ－Ｇ,R-1,2023/4/27
ten中継 / EXP,その他,2023/4/27
すまたん / ミヤネ屋,１st,2023/4/28
ｔｅｎ！,Nst,2023/4/28
NT貸出,R-2,2023/4/28
東本願寺,ENG,2023/4/28
あさパラ,２st,2023/4/29
ウェーク,３st,2023/4/29
NT貸出,R-2,2023/4/29
東本願寺,ENG,2023/4/29
地球便,ENG,2023/4/30
すまたん / ミヤネ屋,１st,2023/5/1
ｔｅｎ！,Nst,2023/5/1
NT貸出,R-1,2023/5/1
PG,R-2,2023/5/1
地球便,ENG,2023/5/1
すまたん / ミヤネ屋,１st,2023/5/2
ｔｅｎ！,Nst,2023/5/2
NT貸出,R-1,2023/5/2
PG,R-2,2023/5/2
地球便,ENG,2023/5/2
ミヤネ屋,１st,2023/5/3
うさかめ,３st,2023/5/3
ｔｅｎ！,Nst,2023/5/3
うさかめ / 10hall,その他,2023/5/3
ミヤネ屋,１st,2023/5/4
ｔｅｎ！,Nst,2023/5/4
ten中継 / ten拡大,その他,2023/5/4
ミヤネ屋,１st,2023/5/5
委員会,３st,2023/5/5
ｔｅｎ！,Nst,2023/5/5
クギズケ,１st,2023/5/6
あさパラ,２st,2023/5/6
ウェーク,３st,2023/5/6
Ｂリーグ,R-2,2023/5/6
Ｂリーグ,R-2,2023/5/7
すまたん / ミヤネ屋,１st,2023/5/8
るてん,２st,2023/5/8
MIX研修,３st,2023/5/8
ｔｅｎ！,Nst,2023/5/8
すまたん / ミヤネ屋,１st,2023/5/9
ｔｅｎ！,Nst,2023/5/9
すまたん / ミヤネ屋,１st,2023/5/10
うさかめ,３st,2023/5/10
ｔｅｎ！,Nst,2023/5/10
すまたん / ミヤネ屋,１st,2023/5/11
人事研修,２st,2023/5/11
ネタバレ,３st,2023/5/11
ｔｅｎ！,Nst,2023/5/11
ten中継 / 関西東通,その他,2023/5/11
すまたん / ミヤネ屋,１st,2023/5/12
ｔｅｎ！,Nst,2023/5/12
Ｔ－ＤＢ,R-1,2023/5/12
NT貸出,R-2,2023/5/12
文楽 / 声 / （番審）,ENG,2023/5/12
FBS応援 / Ｂ－Ｈ,その他,2023/5/12
anna,１st,2023/5/13
あさパラ,２st,2023/5/13
ウェーク,３st,2023/5/13
NT貸出,R-2,2023/5/13
文楽,ENG,2023/5/13
地球便 / 本社,ENG,2023/5/14
すまたん / ミヤネ屋,１st,2023/5/15
記者会見,２st,2023/5/15
ｔｅｎ！,Nst,2023/5/15
すまたん / ミヤネ屋,１st,2023/5/16
ほんわか,３st,2023/5/16
ｔｅｎ！,Nst,2023/5/16
すまたん / ミヤネ屋,１st,2023/5/17
声,２st,2023/5/17
ｔｅｎ！,Nst,2023/5/17
室内楽,R-1,2023/5/17
すまたん / ミヤネ屋,１st,2023/5/18
ytvAwards,３st,2023/5/18
ｔｅｎ！,Nst,2023/5/18
室内楽,R-1,2023/5/18
ten中継 / NT,その他,2023/5/18
すまたん / ミヤネ屋,１st,2023/5/19
委員会,３st,2023/5/19
ｔｅｎ！,Nst,2023/5/19
Ｔ－Ｃ,R-1,2023/5/19
クギズケ,１st,2023/5/20
あさパラ,２st,2023/5/20
ウェーク,３st,2023/5/20
すまたん / ミヤネ屋,１st,2023/5/22
るてん,２st,2023/5/22
土ダメ,３st,2023/5/22
ｔｅｎ！,Nst,2023/5/22
すまたん / ミヤネ屋,１st,2023/5/23
ﾚﾝｽﾞﾌｧｲﾙ,３st,2023/5/23
ｔｅｎ！,Nst,2023/5/23
ﾚﾝｽﾞﾌｧｲﾙ,R-1,2023/5/23
ﾚﾝｽﾞﾌｧｲﾙ,R-2,2023/5/23
すまたん / ミヤネ屋,１st,2023/5/24
ﾚﾝｽﾞﾌｧｲﾙ,３st,2023/5/24
ｔｅｎ！,Nst,2023/5/24
ﾚﾝｽﾞﾌｧｲﾙ,R-1,2023/5/24
ﾚﾝｽﾞﾌｧｲﾙ,R-2,2023/5/24
すまたん / ミヤネ屋,１st,2023/5/25
ネタバレ,３st,2023/5/25
ｔｅｎ！,Nst,2023/5/25
ten中継 / EXP,その他,2023/5/25
すまたん / ミヤネ屋,１st,2023/5/26
うさかめ,３st,2023/5/26
ｔｅｎ！,Nst,2023/5/26
あさパラ,２st,2023/5/27
ウェーク,３st,2023/5/27
Ｔ－Ｇ,R-1,2023/5/27
地球便,ENG,2023/5/28
すまたん / ミヤネ屋,１st,2023/5/29
ｔｅｎ！,Nst,2023/5/29
災害会議,その他,2023/5/29
すまたん / ミヤネ屋,１st,2023/5/30
ほんわか,３st,2023/5/30
ｔｅｎ！,Nst,2023/5/30
すまたん / ミヤネ屋,１st,2023/6/1
ｔｅｎ！,Nst,2023/6/1
ten中継,その他,2023/6/1
すまたん / ミヤネ屋,１st,2023/6/2
委員会 / 3本撮り,３st,2023/6/2
ｔｅｎ！,Nst,2023/6/2
声 / （番審）,ENG,2023/6/2
クギズケ,１st,2023/6/3
あさパラ,２st,2023/6/3
ウェーク,３st,2023/6/3
すまたん / ミヤネ屋,１st,2023/6/5
るてん,２st,2023/6/5
ｔｅｎ！,Nst,2023/6/5
すまたん / ミヤネ屋,１st,2023/6/6
ｔｅｎ！,Nst,2023/6/6
すまたん / ミヤネ屋,１st,2023/6/7
声,２st,2023/6/7
うさかめ,３st,2023/6/7
ｔｅｎ！,Nst,2023/6/7
すまたん / ミヤネ屋,１st,2023/6/8
ネタバレ,３st,2023/6/8
ｔｅｎ！,Nst,2023/6/8
ten中継 / EXP,その他,2023/6/8
すまたん / ミヤネ屋,１st,2023/6/9
ｔｅｎ！,Nst,2023/6/9
あさパラ / L＋V,２st,2023/6/10
ウェーク,３st,2023/6/10
編成扱い,２st,2023/6/11
編成扱い,３st,2023/6/11
照明点検,Nst,2023/6/11
地球便 / 鹿児島？,ENG,2023/6/11
ミヤネ屋,２st,2023/6/12
すまたん,３st,2023/6/12
ｔｅｎ！,Nst,2023/6/12
カミオト,１st,2023/6/13
ミヤネ屋,２st,2023/6/13
すまたん,３st,2023/6/13
ｔｅｎ！,Nst,2023/6/13
NT貸出,R-2,2023/6/13
カミオト,１st,2023/6/14
ミヤネ屋,２st,2023/6/14
すまたん,３st,2023/6/14
ｔｅｎ！,Nst,2023/6/14
NT貸出,R-2,2023/6/14
カミオト,１st,2023/6/15
ミヤネ屋,２st,2023/6/15
すまたん,３st,2023/6/15
ｔｅｎ！,Nst,2023/6/15
NT貸出,R-2,2023/6/15
ten中継 / 関西東通,その他,2023/6/15
カミオト,１st,2023/6/16
ミヤネ屋,２st,2023/6/16
すまたん,３st,2023/6/16
ｔｅｎ！,Nst,2023/6/16
NT貸出,R-2,2023/6/16
カミオト,１st,2023/6/17
カミオト,２st,2023/6/17
ウェーク,３st,2023/6/17
カミオト,R-2,2023/6/17
クギズケ / CTV,その他,2023/6/17
吊物点検,１st,2023/6/18
いろりろ / ロケ,２st,2023/6/18
すまたん / ミヤネ屋,１st,2023/6/19
るてん,２st,2023/6/19
土ダメ,３st,2023/6/19
ｔｅｎ！,Nst,2023/6/19
すまたん / ミヤネ屋,１st,2023/6/20
ｔｅｎ！,Nst,2023/6/20
すまたん / ミヤネ屋,１st,2023/6/21
うさかめ,３st,2023/6/21
ｔｅｎ！,Nst,2023/6/21
すまたん / ミヤネ屋,１st,2023/6/22
吊物点検,２st,2023/6/22
ネタバレ,３st,2023/6/22
ｔｅｎ！,Nst,2023/6/22
ten中継 / EXP,その他,2023/6/22
すまたん / ミヤネ屋,１st,2023/6/23
委員会 / 1本撮り,３st,2023/6/23
ｔｅｎ！,Nst,2023/6/23
anna,１st,2023/6/24
あさパラ,２st,2023/6/24
ウェーク,３st,2023/6/24
吊物点検,Nst,2023/6/24
NT貸出,R-2,2023/6/24
NT貸出,R-2,2023/6/25
地球便 / 本社？,ENG,2023/6/25
すまたん / ミヤネ屋,１st,2023/6/26
ｔｅｎ！,Nst,2023/6/26
――,ENG,2023/6/26
すまたん / ミヤネ屋,１st,2023/6/27
ほんわか,３st,2023/6/27
ｔｅｎ！,Nst,2023/6/27
地球便 / ――――,ENG,2023/6/27
すまたん / ミヤネ屋,１st,2023/6/28
ｔｅｎ！,Nst,2023/6/28
SP（ｼﾝｶﾞ / ――――,ENG,2023/6/28
すまたん / ミヤネ屋,１st,2023/6/29
ｔｅｎ！,Nst,2023/6/29
読響,R-1,2023/6/29
ﾎﾟｰﾙ） / ――――,ENG,2023/6/29
ten中継,その他,2023/6/29
すまたん / ミヤネ屋,１st,2023/6/30
委員会 / 2本撮り,３st,2023/6/30
ｔｅｎ！,Nst,2023/6/30
社員ｸﾙｰ / ――――,ENG,2023/6/30
クギズケ,１st,2023/7/1
あさパラ,２st,2023/7/1
ウェーク,３st,2023/7/1
NTV応援,R-2,2023/7/1
京セラD / 地球便 / ――――,ENG,2023/7/1
るてん / 10HALL,その他,2023/7/1
吊物点検,１st,2023/7/2
NT貸出,R-2,2023/7/2
PG / ｼﾝｶﾞﾎﾟｰﾙ / ――――,ENG,2023/7/2
すまたん / ミヤネ屋,１st,2023/7/3
るてん,２st,2023/7/3
吊物点検,３st,2023/7/3
ｔｅｎ！,Nst,2023/7/3
――――,ENG,2023/7/3
すまたん / ミヤネ屋,１st,2023/7/4
ナレ録り,３st,2023/7/4
ｔｅｎ！,Nst,2023/7/4
――――,ENG,2023/7/4
すまたん / ミヤネ屋,１st,2023/7/5
照明点検,２st,2023/7/5
うさかめ,３st,2023/7/5
ｔｅｎ！,Nst,2023/7/5
――,ENG,2023/7/5
すまたん / ミヤネ屋,１st,2023/7/6
ネタバレ,３st,2023/7/6
ｔｅｎ！,Nst,2023/7/6
ten中継 / 関西東通,その他,2023/7/6
すまたん / ミヤネ屋,１st,2023/7/7
ｔｅｎ！,Nst,2023/7/7
あさパラ,２st,2023/7/8
ウェーク,３st,2023/7/8
すまたん / ミヤネ屋,１st,2023/7/10
ｔｅｎ！,Nst,2023/7/10
すまたん / ミヤネ屋,１st,2023/7/11
ほんわか,３st,2023/7/11
ｔｅｎ！,Nst,2023/7/11
すまたん / ミヤネ屋,１st,2023/7/12
ｔｅｎ！,Nst,2023/7/12
すまたん / ミヤネ屋,１st,2023/7/13
音楽研修,３st,2023/7/13
ｔｅｎ！,Nst,2023/7/13
ten中継,その他,2023/7/13
すまたん / ミヤネ屋,１st,2023/7/14
委員会,３st,2023/7/14
ｔｅｎ！,Nst,2023/7/14
声 / （番審）,ENG,2023/7/14
クギズケ,１st,2023/7/15
あさパラ,２st,2023/7/15
ウェーク,３st,2023/7/15
ミヤネ屋,１st,2023/7/17
るてん,２st,2023/7/17
土ダメ,３st,2023/7/17
ｔｅｎ！,Nst,2023/7/17
すまたん / ミヤネ屋,１st,2023/7/18
ｔｅｎ！,Nst,2023/7/18
すまたん / ミヤネ屋,１st,2023/7/19
声,２st,2023/7/19
ｔｅｎ！,Nst,2023/7/19
すまたん / ミヤネ屋,１st,2023/7/20
照明点検,２st,2023/7/20
ネタバレ,３st,2023/7/20
ｔｅｎ！,Nst,2023/7/20
ten中継 / EXP,その他,2023/7/20
すまたん / ミヤネ屋,１st,2023/7/21
ｔｅｎ！,Nst,2023/7/21
NT貸出,R-2,2023/7/21
あさパラ,２st,2023/7/22
ウェーク,３st,2023/7/22
地震訓練,Nst,2023/7/22
NT貸出,R-2,2023/7/22
るてん,２st,2023/7/23
NT貸出,R-2,2023/7/23
すまたん / ミヤネ屋,１st,2023/7/24
うさかめ,３st,2023/7/24
ｔｅｎ！,Nst,2023/7/24
NTV応援,R-1,2023/7/24
長居PG / NT貸出,R-2,2023/7/24
すまたん / ミヤネ屋,１st,2023/7/25
ほんわか,３st,2023/7/25
ｔｅｎ！,Nst,2023/7/25
NTV応援,R-1,2023/7/25
長居PG / NT貸出,R-2,2023/7/25
すまたん / ミヤネ屋,１st,2023/7/26
ｔｅｎ！,Nst,2023/7/26
NT貸出,R-2,2023/7/26
すまたん / ミヤネ屋,１st,2023/7/27
ｔｅｎ！,Nst,2023/7/27
Ｔ－Ｇ,R-1,2023/7/27
Ｔ－Ｇ,R-2,2023/7/27
ten中継,その他,2023/7/27
すまたん / ミヤネ屋,１st,2023/7/28
委員会,３st,2023/7/28
ｔｅｎ！,Nst,2023/7/28
鳥人間,R-1,2023/7/28
鳥人間,その他,2023/7/28
クギズケ,１st,2023/7/29
あさパラ,２st,2023/7/29
ウェーク,３st,2023/7/29
鳥人間,R-1,2023/7/29
鳥人間,その他,2023/7/29
鳥人間,R-1,2023/7/30
NT貸出,R-2,2023/7/30
鳥人間,その他,2023/7/30
すまたん / ミヤネ屋,１st,2023/8/1
ｔｅｎ！,Nst,2023/8/1
すまたん / ミヤネ屋,１st,2023/8/2
ｔｅｎ！,Nst,2023/8/2
すまたん / ミヤネ屋,１st,2023/8/3
ネタバレ,３st,2023/8/3
ｔｅｎ！,Nst,2023/8/3
ten中継 / 関西東通,その他,2023/8/3
すまたん / ミヤネ屋,１st,2023/8/4
ｔｅｎ！,Nst,2023/8/4
ｶﾐｵﾄENG,ENG,2023/8/4
あさパラ,２st,2023/8/5
ウェーク,３st,2023/8/5
漫才,３st,2023/8/6
地球便 / PG,ENG,2023/8/6
すまたん / ミヤネ屋,１st,2023/8/7
ｔｅｎ！,Nst,2023/8/7
すまたん / ミヤネ屋,１st,2023/8/8
ｔｅｎ！,Nst,2023/8/8
すまたん / ミヤネ屋,１st,2023/8/9
るてん,２st,2023/8/9
ｔｅｎ！,Nst,2023/8/9
すまたん / ミヤネ屋,１st,2023/8/10
ｔｅｎ！,Nst,2023/8/10
ten中継 / NT,その他,2023/8/10
ミヤネ屋,１st,2023/8/11
委員会,３st,2023/8/11
ｔｅｎ！,Nst,2023/8/11
Ｔ－Ｓ,R-1,2023/8/11
クギズケ,１st,2023/8/12
あさパラ / (L+V),２st,2023/8/12
ウェーク,３st,2023/8/12
すまたん / ミヤネ屋,１st,2023/8/14
るてん,２st,2023/8/14
土ダメ,３st,2023/8/14
ｔｅｎ！,Nst,2023/8/14
すまたん / ミヤネ屋,１st,2023/8/15
ｔｅｎ！,Nst,2023/8/15
すまたん / ミヤネ屋,１st,2023/8/16
声 / ﾏｲｸ講習,２st,2023/8/16
ｔｅｎ！,Nst,2023/8/16
るてん / 10hall,その他,2023/8/16
すまたん / ミヤネ屋,１st,2023/8/17
ネタバレ,３st,2023/8/17
ｔｅｎ！,Nst,2023/8/17
ten中継 / NT,その他,2023/8/17
すまたん / ミヤネ屋,１st,2023/8/18
紅梅亭,３st,2023/8/18
ｔｅｎ！,Nst,2023/8/18
anna,１st,2023/8/19
ウェーク,３st,2023/8/19
訓練予備日,その他,2023/8/19
ＢＳ－Ｆ,R-1,2023/8/20
地球便,ENG,2023/8/20
すまたん / ミヤネ屋,１st,2023/8/21
ｔｅｎ！,Nst,2023/8/21
ｶﾐｵﾄENG,ENG,2023/8/21
すまたん / ミヤネ屋,１st,2023/8/22
ほんわか,３st,2023/8/22
ｔｅｎ！,Nst,2023/8/22
すまたん / ミヤネ屋,１st,2023/8/23
ｱﾅｶﾗﾒﾃｽﾄ,３st,2023/8/23
ｔｅｎ！,Nst,2023/8/23
すまたん / ミヤネ屋,１st,2023/8/24
ｔｅｎ！,Nst,2023/8/24
ten中継 / NT,その他,2023/8/24
すまたん / ミヤネ屋,１st,2023/8/25
ｔｅｎ！,Nst,2023/8/25
NTV 24H,R-1,2023/8/25
びわ湖 / NT貸出,R-2,2023/8/25
２４Ｈ,１st,2023/8/26
あさパラ,２st,2023/8/26
ウェーク,３st,2023/8/26
ten.特番,Nst,2023/8/26
NTV 24H,R-1,2023/8/26
びわ湖 / NT貸出,R-2,2023/8/26
２４Ｈ,１st,2023/8/27
NTV 24H,R-1,2023/8/27
びわ湖,R-2,2023/8/27
すまたん / ミヤネ屋,１st,2023/8/28
るてん,２st,2023/8/28
土ダメ,３st,2023/8/28
ｔｅｎ！,Nst,2023/8/28
すまたん / ミヤネ屋,１st,2023/8/29
ｔｅｎ！,Nst,2023/8/29
Ｇ－Ｃ,R-1,2023/8/29
すまたん / ミヤネ屋,１st,2023/8/30
うさかめ,３st,2023/8/30
ｔｅｎ！,Nst,2023/8/30
Ｇ－Ｃ,R-1,2023/8/30
すまたん / ミヤネ屋,１st,2023/9/1
ｔｅｎ！,Nst,2023/9/1
あさパラ,２st,2023/9/2
ウェーク,３st,2023/9/2
災害訓練,Nst,2023/9/2
NT貸出,R-2,2023/9/2
NT貸出,R-2,2023/9/3
地球便,ENG,2023/9/3
すまたん / ミヤネ屋,１st,2023/9/4
ｔｅｎ！,Nst,2023/9/4
すまたん / ミヤネ屋,１st,2023/9/5
ほんわか,３st,2023/9/5
ｔｅｎ！,Nst,2023/9/5
すまたん / ミヤネ屋,１st,2023/9/6
ｔｅｎ！,Nst,2023/9/6
G.Night,R-1,2023/9/6
すまたん / ミヤネ屋,１st,2023/9/7
ｔｅｎ！,Nst,2023/9/7
ten中継 / NT,その他,2023/9/7
すまたん / ミヤネ屋,１st,2023/9/8
委員会,３st,2023/9/8
ｔｅｎ！,Nst,2023/9/8
NT貸出,R-2,2023/9/8
声 / （番審）,ENG,2023/9/8
ｻｽﾃﾅENG,その他,2023/9/8
クギズケ,１st,2023/9/9
あさパラ / 2H拡大,２st,2023/9/9
ウェーク,３st,2023/9/9
NT貸出,R-2,2023/9/9
ANAｵｰﾌﾟﾝ,R-2,2023/9/10
すまたん / ミヤネ屋,１st,2023/9/11
るてん,２st,2023/9/11
ｔｅｎ！,Nst,2023/9/11
ANAｵｰﾌﾟﾝ,R-2,2023/9/11
すまたん / ミヤネ屋,１st,2023/9/12
ｔｅｎ！,Nst,2023/9/12
ANAｵｰﾌﾟﾝ,R-2,2023/9/12
すまたん / ミヤネ屋,１st,2023/9/13
うさかめ,３st,2023/9/13
ｔｅｎ！,Nst,2023/9/13
ANAｵｰﾌﾟﾝ,R-2,2023/9/13
すまたん / ミヤネ屋,１st,2023/9/14
ネタバレ,３st,2023/9/14
ｔｅｎ！,Nst,2023/9/14
ANAｵｰﾌﾟﾝ,R-2,2023/9/14
ten中継 / NT,その他,2023/9/14
すまたん / ミヤネ屋,１st,2023/9/15
ｔｅｎ！,Nst,2023/9/15
ANAｵｰﾌﾟﾝ,R-2,2023/9/15
あさパラ,２st,2023/9/16
ウェーク,３st,2023/9/16
ANAｵｰﾌﾟﾝ,R-2,2023/9/16
ANAｵｰﾌﾟﾝ,R-2,2023/9/17
ミヤネ屋,１st,2023/9/18
ｔｅｎ！,Nst,2023/9/18
ANAｵｰﾌﾟﾝ,R-2,2023/9/18
すまたん / ミヤネ屋,１st,2023/9/19
ほんわか,３st,2023/9/19
ｔｅｎ！,Nst,2023/9/19
ANAｵｰﾌﾟﾝ,R-2,2023/9/19
すまたん / ミヤネ屋,１st,2023/9/20
声,２st,2023/9/20
ｔｅｎ！,Nst,2023/9/20
すまたん / ミヤネ屋,１st,2023/9/21
ｔｅｎ！,Nst,2023/9/21
ten中継 / 関西東通,その他,2023/9/21
すまたん / ミヤネ屋,１st,2023/9/22
委員会,３st,2023/9/22
ｔｅｎ！,Nst,2023/9/22
クギズケ,１st,2023/9/23
あさパラ,２st,2023/9/23
ウェーク,３st,2023/9/23
すまたん / ミヤネ屋,１st,2023/9/25
るてん,２st,2023/9/25
土ダメ,３st,2023/9/25
ｔｅｎ！,Nst,2023/9/25
すまたん / ミヤネ屋,１st,2023/9/26
ｔｅｎ！,Nst,2023/9/26
すまたん / ミヤネ屋,１st,2023/9/27
うさかめ,３st,2023/9/27
ｔｅｎ！,Nst,2023/9/27
すまたん / ミヤネ屋,１st,2023/9/28
ネタバレ,３st,2023/9/28
ｔｅｎ！,Nst,2023/9/28
ten中継 / EXP,その他,2023/9/28
すまたん / ミヤネ屋,１st,2023/9/29
番組体験,２st,2023/9/29
ｔｅｎ！,Nst,2023/9/29
あさパラ,２st,2023/9/30
ウェーク,３st,2023/9/30
るてん,２st,2023/10/1
漫才,３st,2023/10/1
地球便,ENG,2023/10/1
すまたん / ミヤネ屋,１st,2023/10/2
ｔｅｎ！,Nst,2023/10/2
NT貸出,R-2,2023/10/2
すまたん / ミヤネ屋,１st,2023/10/3
ほんわか,３st,2023/10/3
ｔｅｎ！,Nst,2023/10/3
NT貸出,R-2,2023/10/3
すまたん / ミヤネ屋,１st,2023/10/4
ｔｅｎ！,Nst,2023/10/4
NT貸出,R-2,2023/10/4
ｶﾐｵﾄ夜,ENG,2023/10/4
すまたん / ミヤネ屋,１st,2023/10/5
ｔｅｎ！,Nst,2023/10/5
NT貸出,R-2,2023/10/5
ten中継 / NT,その他,2023/10/5
すまたん / ミヤネ屋,１st,2023/10/6
委員会,３st,2023/10/6
ｔｅｎ！,Nst,2023/10/6
NT貸出,R-2,2023/10/6
クギズケ,１st,2023/10/7
あさパラ,２st,2023/10/7
ウェーク,３st,2023/10/7
Ｂリーグ,R-1,2023/10/7
Ｂリーグ,R-1,2023/10/8
ｶﾐｵﾄ夜,ENG,2023/10/8
ミヤネ屋,１st,2023/10/9
るてん,２st,2023/10/9
ｔｅｎ！,Nst,2023/10/9
すまたん / ミヤネ屋,１st,2023/10/10
ｔｅｎ！,Nst,2023/10/10
すまたん / ミヤネ屋,１st,2023/10/11
うさかめ,３st,2023/10/11
ｔｅｎ！,Nst,2023/10/11
すまたん / ミヤネ屋,１st,2023/10/12
ネタバレ,３st,2023/10/12
ｔｅｎ！,Nst,2023/10/12
ten中継 / EXP,その他,2023/10/12
すまたん / ミヤネ屋,１st,2023/10/13
ｔｅｎ！,Nst,2023/10/13
NT貸出,R-2,2023/10/13
声 / （番審）,ENG,2023/10/13
ウェーク,３st,2023/10/14
Ｂリーグ,R-1,2023/10/14
NT / NT貸出,R-2,2023/10/14
Ｂリーグ,R-1,2023/10/15
NT,R-2,2023/10/15
地球便,ENG,2023/10/15
すまたん / ミヤネ屋,１st,2023/10/16
ｔｅｎ！,Nst,2023/10/16
すまたん / ミヤネ屋,１st,2023/10/17
ほんわか,３st,2023/10/17
ｔｅｎ！,Nst,2023/10/17
すまたん / ミヤネ屋,１st,2023/10/18
ｔｅｎ！,Nst,2023/10/18
――,ENG,2023/10/18
すまたん / ミヤネ屋,１st,2023/10/19
ｔｅｎ！,Nst,2023/10/19
――――,ENG,2023/10/19
ten中継 / NT,その他,2023/10/19
すまたん / ミヤネ屋,１st,2023/10/20
委員会,３st,2023/10/20
ｔｅｎ！,Nst,2023/10/20
CSﾌｧｲﾅﾙ,R-1,2023/10/20
地球便 / ――――,ENG,2023/10/20
クギズケ,１st,2023/10/21
あさパラ,２st,2023/10/21
ウェーク,３st,2023/10/21
海外ENG / ――――,ENG,2023/10/21
CSﾌｧｲﾅﾙ,R-1,2023/10/22
――――,ENG,2023/10/22
すまたん / ミヤネ屋,１st,2023/10/23
るてん,２st,2023/10/23
土ダメ,３st,2023/10/23
ｔｅｎ！,Nst,2023/10/23
――――,ENG,2023/10/23
すまたん / ミヤネ屋,１st,2023/10/24
ｔｅｎ！,Nst,2023/10/24
CSF予備,R-1,2023/10/24
――,ENG,2023/10/24
すまたん / ミヤネ屋,１st,2023/10/25
声,２st,2023/10/25
うさかめ,３st,2023/10/25
ｔｅｎ！,Nst,2023/10/25
CSF予備,R-1,2023/10/25
すまたん / ミヤネ屋,１st,2023/10/26
ネタバレ,３st,2023/10/26
ｔｅｎ！,Nst,2023/10/26
ten中継 / 関西東通,その他,2023/10/26
すまたん / ミヤネ屋,１st,2023/10/27
ｔｅｎ！,Nst,2023/10/27
正倉院,ENG,2023/10/27
あさパラ,２st,2023/10/28
ウェーク,３st,2023/10/28
Ｂリーグ,R-2,2023/10/28
Ｂリーグ,R-2,2023/10/29
地球便,ENG,2023/10/29
すまたん / ミヤネ屋,１st,2023/10/30
ｔｅｎ！,Nst,2023/10/30
すまたん / ミヤネ屋,１st,2023/11/1
ｔｅｎ！,Nst,2023/11/1
日本ｼﾘｰｽﾞ,R-1,2023/11/1
すまたん,その他,2023/11/1
すまたん / ミヤネ屋,１st,2023/11/2
ｔｅｎ！,Nst,2023/11/2
ten中継 / ミヤネ屋,その他,2023/11/2
ミヤネ屋,１st,2023/11/3
委員会,３st,2023/11/3
ｔｅｎ！,Nst,2023/11/3
NT貸出,R-2,2023/11/3
★,その他,2023/11/3
クギズケ,１st,2023/11/4
あさパラ,２st,2023/11/4
ウェーク,３st,2023/11/4
Ｂリーグ,R-2,2023/11/4
NT,ENG,2023/11/4
★,その他,2023/11/4
Ｂリーグ,R-2,2023/11/5
NT,ENG,2023/11/5
★★,その他,2023/11/5
すまたん / ミヤネ屋,１st,2023/11/6
るてん,２st,2023/11/6
土ダメ,３st,2023/11/6
ｔｅｎ！,Nst,2023/11/6
室内楽,R-1,2023/11/6
すまたん / ミヤネ屋,１st,2023/11/7
ｔｅｎ！,Nst,2023/11/7
すまたん / ミヤネ屋,１st,2023/11/8
うさかめ,３st,2023/11/8
ｔｅｎ！,Nst,2023/11/8
マスター,その他,2023/11/8
すまたん / ミヤネ屋,１st,2023/11/9
ｱﾅｳﾝｽﾃｽﾄ,２st,2023/11/9
ネタバレ,３st,2023/11/9
ｔｅｎ！,Nst,2023/11/9
ten中継 / EXP / 学会,その他,2023/11/9
すまたん / ミヤネ屋,１st,2023/11/10
ｔｅｎ！,Nst,2023/11/10
学会,その他,2023/11/10
あさパラ,２st,2023/11/11
ウェーク,３st,2023/11/11
高校ｻｯｶｰ,R-1,2023/11/11
ウェーク,その他,2023/11/11
NT貸出,R-2,2023/11/12
地球便,ENG,2023/11/12
★★,その他,2023/11/12
すまたん / ミヤネ屋,１st,2023/11/13
ｔｅｎ！,Nst,2023/11/13
ﾍﾞｽﾄﾋｯﾄ,R-1,2023/11/13
NT貸出,R-2,2023/11/13
BHサブ,その他,2023/11/13
すまたん / ミヤネ屋,１st,2023/11/14
声,２st,2023/11/14
ｔｅｎ！,Nst,2023/11/14
ﾍﾞｽﾄﾋｯﾄ,R-1,2023/11/14
BHサブ,その他,2023/11/14
すまたん / ミヤネ屋,１st,2023/11/15
ｔｅｎ！,Nst,2023/11/15
ﾍﾞｽﾄﾋｯﾄ,R-1,2023/11/15
BHﾐﾗｲｻﾞ,R-2,2023/11/15
＿SNG2 / BHサブ,その他,2023/11/15
すまたん / ミヤネ屋,１st,2023/11/16
ｔｅｎ！,Nst,2023/11/16
ﾍﾞｽﾄﾋｯﾄ,R-1,2023/11/16
BHﾐﾗｲｻﾞ,R-2,2023/11/16
＿＿＿＿ / BHサブ,その他,2023/11/16
すまたん / ミヤネ屋,１st,2023/11/17
委員会,３st,2023/11/17
ｔｅｎ！,Nst,2023/11/17
＿＿＿＿ / ＤＸ推進,その他,2023/11/17
クギズケ,１st,2023/11/18
あさパラ / 2H SP,２st,2023/11/18
ウェーク,３st,2023/11/18
NT貸出 / ★,その他,2023/11/18
ｴﾘｴｰﾙ＿ / ★★,その他,2023/11/19
すまたん / ミヤネ屋,１st,2023/11/20
るてん,２st,2023/11/20
ｔｅｎ！,Nst,2023/11/20
＿＿＿＿,その他,2023/11/20
すまたん / ミヤネ屋,１st,2023/11/21
ｔｅｎ！,Nst,2023/11/21
すまたん / ミヤネ屋,１st,2023/11/22
うさかめ,３st,2023/11/22
ｔｅｎ！,Nst,2023/11/22
マスター,その他,2023/11/22
ミヤネ屋,１st,2023/11/23
ネタバレ,３st,2023/11/23
ｔｅｎ！,Nst,2023/11/23
ten中継 / ★,その他,2023/11/23
すまたん / ミヤネ屋,１st,2023/11/24
ｔｅｎ！,Nst,2023/11/24
学会,その他,2023/11/24
あさパラ,２st,2023/11/25
ウェーク,３st,2023/11/25
るてん,Nst,2023/11/25
★,その他,2023/11/25
地球便,ENG,2023/11/26
★★,その他,2023/11/26
すまたん / ミヤネ屋,１st,2023/11/27
ｔｅｎ！,Nst,2023/11/27
すまたん / ミヤネ屋,１st,2023/11/28
ほんわか,３st,2023/11/28
ｔｅｎ！,Nst,2023/11/28
★,その他,2023/11/28
すまたん / ミヤネ屋,１st,2023/11/29
ｔｅｎ！,Nst,2023/11/29
すまたん / ミヤネ屋,１st,2023/11/30
ｔｅｎ！,Nst,2023/11/30
防府,R-1,2023/11/30
ﾏﾗｿﾝ,R-2,2023/11/30
ten中継 / 関西東通 / ミヤネ屋,その他,2023/11/30
すまたん / ミヤネ屋,１st,2023/12/1
委員会,３st,2023/12/1
ｔｅｎ！,Nst,2023/12/1
防府ﾏﾗｿﾝ,R-1,2023/12/1
クギズケ,１st,2023/12/2
あさパラ,２st,2023/12/2
ウェーク,３st,2023/12/2
防府ﾏﾗｿﾝ,R-1,2023/12/2
Ｂリーグ,R-2,2023/12/2
NT,ENG,2023/12/2
NTV応援 / B artist,その他,2023/12/2
照明点検,１st,2023/12/3
もんくも,３st,2023/12/3
防府ﾏﾗｿﾝ,R-1,2023/12/3
Ｂリーグ,R-2,2023/12/3
NT,ENG,2023/12/3
すまたん / ミヤネ屋,１st,2023/12/4
土ダメ / るてん,２st,2023/12/4
ｔｅｎ！,Nst,2023/12/4
防府ﾏﾗｿﾝ,R-1,2023/12/4
すまたん / ミヤネ屋,１st,2023/12/5
うさかめ,３st,2023/12/5
ｔｅｎ！,Nst,2023/12/5
すまたん / ミヤネ屋,１st,2023/12/6
ｔｅｎ！,Nst,2023/12/6
超ULTRA,R-1,2023/12/6
Ｂリーグ,R-2,2023/12/6
NT / 漫才 / 手見せ,ENG,2023/12/6
すまたん / ミヤネ屋,１st,2023/12/7
ネタバレ,３st,2023/12/7
ｔｅｎ！,Nst,2023/12/7
超ULTRA,R-1,2023/12/7
ten中継 / EXP,その他,2023/12/7
すまたん / ミヤネ屋,１st,2023/12/8
上沼特番,３st,2023/12/8
ｔｅｎ！,Nst,2023/12/8
声 / 番審,ENG,2023/12/8
あさパラ,２st,2023/12/9
ウェーク,３st,2023/12/9
るてん,２st,2023/12/10
地球便,ENG,2023/12/10
すまたん / ミヤネ屋,１st,2023/12/11
照明点検,２st,2023/12/11
照明点検 / ｔｅｎ！,Nst,2023/12/11
すまたん / ミヤネ屋,１st,2023/12/12
ほんわか,３st,2023/12/12
ｔｅｎ！,Nst,2023/12/12
すまたん / ミヤネ屋,１st,2023/12/13
声,２st,2023/12/13
ｔｅｎ！,Nst,2023/12/13
すまたん / ミヤネ屋,１st,2023/12/14
ｔｅｎ！,Nst,2023/12/14
ten中継 / NT,その他,2023/12/14
すまたん / ミヤネ屋,１st,2023/12/15
委員会 / 3本撮り,３st,2023/12/15
ｔｅｎ！,Nst,2023/12/15
＿＿＿＿,その他,2023/12/15
クギズケ,１st,2023/12/16
あさパラ,２st,2023/12/16
ウェーク,３st,2023/12/16
Ｂリーグ,R-2,2023/12/16
NTV応援 / 中学駅伝,その他,2023/12/16
Ｂリーグ,R-2,2023/12/17
＿＿＿,その他,2023/12/17
すまたん / ミヤネ屋,１st,2023/12/18
るてん,２st,2023/12/18
土ダメ,３st,2023/12/18
ｔｅｎ！,Nst,2023/12/18
すまたん / ミヤネ屋,１st,2023/12/19
ｔｅｎ！,Nst,2023/12/19
すまたん / ミヤネ屋,１st,2023/12/20
うさかめ,３st,2023/12/20
ｔｅｎ！,Nst,2023/12/20
すまたん / ミヤネ屋,１st,2023/12/21
ネタバレ,３st,2023/12/21
ｔｅｎ！,Nst,2023/12/21
ten中継 / 関西東通,その他,2023/12/21
すまたん / ミヤネ屋,１st,2023/12/22
ｔｅｎ！,Nst,2023/12/22
anna,１st,2023/12/23
あさパラ / L+V,２st,2023/12/23
ウェーク,３st,2023/12/23
Ｂリーグ,R-2,2023/12/23
NT,ENG,2023/12/23
ﾘｰｸﾞONE,R-1,2023/12/24
Ｂリーグ,R-2,2023/12/24
NT / 地球便,ENG,2023/12/24
すまたん / ミヤネ屋,１st,2023/12/25
ｔｅｎ！,Nst,2023/12/25
すまたん / ミヤネ屋,１st,2023/12/26
ｔｅｎ！,Nst,2023/12/26
＿＿＿＿＿＿＿＿＿,R-1,2023/12/26
すまたん / ミヤネ屋,１st,2023/12/27
ｔｅｎ！,Nst,2023/12/27
NTV応援,R-1,2023/12/27
ミヤネ屋,１st,2023/12/28
ｔｅｎ！,Nst,2023/12/28
＿＿＿,R-1,2023/12/28
ｔｅｎ！,Nst,2023/12/29
ten中継 / NT,その他,2023/12/29
すまたん,１st,2024/1/4
ｔｅｎ！,Nst,2024/1/4
ten中継 / NT,その他,2024/1/4
すまたん / ミヤネ屋,１st,2024/1/5
ｔｅｎ！,Nst,2024/1/5
ウェーク,３st,2024/1/6
漫才,３st,2024/1/7
ｔｅｎ！,Nst,2024/1/8
すまたん / ミヤネ屋,１st,2024/1/9
ｔｅｎ！,Nst,2024/1/9
ｶﾒﾗﾍｯﾄﾞ / 入替え,その他,2024/1/9
すまたん / ミヤネ屋,１st,2024/1/10
ｔｅｎ！,Nst,2024/1/10
すまたん / ミヤネ屋,１st,2024/1/11
ｔｅｎ！,Nst,2024/1/11
NT貸出,R-2,2024/1/11
ten中継 / EXP,その他,2024/1/11
すまたん / ミヤネ屋,１st,2024/1/12
委員会,３st,2024/1/12
ｔｅｎ！,Nst,2024/1/12
NT貸出,R-2,2024/1/12
クギズケ,１st,2024/1/13
あさパラ,２st,2024/1/13
ウェーク,３st,2024/1/13
NT貸出,R-2,2024/1/13
NT貸出,R-2,2024/1/14
すまたん / ミヤネ屋,１st,2024/1/15
るてん,３st,2024/1/15
ｔｅｎ！,Nst,2024/1/15
すまたん / ミヤネ屋,１st,2024/1/16
ｔｅｎ！,Nst,2024/1/16
10hall / ｹﾞｰﾄﾘﾌﾀｰ / 講習,その他,2024/1/16
すまたん / ミヤネ屋,１st,2024/1/17
声,２st,2024/1/17
うさかめ,３st,2024/1/17
ｔｅｎ！,Nst,2024/1/17
Ｂリーグ,R-1,2024/1/17
すまたん / ミヤネ屋,１st,2024/1/18
ネタバレ,３st,2024/1/18
ｔｅｎ！,Nst,2024/1/18
ten中継 / 関西東通,その他,2024/1/18
すまたん / ミヤネ屋,１st,2024/1/19
ｔｅｎ！,Nst,2024/1/19
あさパラ,２st,2024/1/20
ウェーク,３st,2024/1/20
Ｂリーグ,R-1,2024/1/20
Ｂリーグ,R-1,2024/1/21
地球便,ENG,2024/1/21
すまたん / ミヤネ屋,１st,2024/1/22
ｔｅｎ！,Nst,2024/1/22
すまたん / ミヤネ屋,１st,2024/1/23
ほんわか,３st,2024/1/23
ｔｅｎ！,Nst,2024/1/23
すまたん / ミヤネ屋,１st,2024/1/24
ｔｅｎ！,Nst,2024/1/24
すまたん / ミヤネ屋,１st,2024/1/25
ｔｅｎ！,Nst,2024/1/25
ten中継 / NT,その他,2024/1/25
すまたん / ミヤネ屋,１st,2024/1/26
委員会,３st,2024/1/26
ｔｅｎ！,Nst,2024/1/26
クギズケ,１st,2024/1/27
あさパラ,２st,2024/1/27
ウェーク,３st,2024/1/27
すまたん / ミヤネ屋,１st,2024/1/29
るてん,２st,2024/1/29
土ダメ,３st,2024/1/29
ｔｅｎ！,Nst,2024/1/29
すまたん / ミヤネ屋,１st,2024/1/30
ｔｅｎ！,Nst,2024/1/30
すまたん / ミヤネ屋,１st,2024/2/1
ネタバレ,３st,2024/2/1
ｔｅｎ！,Nst,2024/2/1
すまたん / ミヤネ屋,１st,2024/2/2
ｔｅｎ！,Nst,2024/2/2
WﾋｶﾞｼENG,ENG,2024/2/2
あさパラ,２st,2024/2/3
ウェーク,３st,2024/2/3
Ｂリーグ,R-2,2024/2/3
NT,ENG,2024/2/3
Ｂリーグ,R-2,2024/2/4
NT,ENG,2024/2/4
すまたん / ミヤネ屋,１st,2024/2/5
ｔｅｎ！,Nst,2024/2/5
長居 / 回線ﾁｪｯｸ,その他,2024/2/5
すまたん / ミヤネ屋,１st,2024/2/6
ｴﾓRAKUGO / PG,２st,2024/2/6
ほんわか,３st,2024/2/6
ｔｅｎ！,Nst,2024/2/6
すまたん / ミヤネ屋,１st,2024/2/7
るてん,２st,2024/2/7
ｔｅｎ！,Nst,2024/2/7
Ｂリーグ,R-2,2024/2/7
NT,ENG,2024/2/7
すまたん / ミヤネ屋,１st,2024/2/8
ｔｅｎ！,Nst,2024/2/8
ten中継 / NT / ──,その他,2024/2/8
すまたん / ミヤネ屋,１st,2024/2/9
委員会,３st,2024/2/9
ｔｅｎ！,Nst,2024/2/9
声 / 番審,ENG,2024/2/9
──────────,その他,2024/2/9
クギズケ,１st,2024/2/10
あさパラ,２st,2024/2/10
ウェーク,３st,2024/2/10
愛媛ﾏﾗｿﾝ,その他,2024/2/11
ミヤネ屋,１st,2024/2/12
るてん,２st,2024/2/12
土ダメ,３st,2024/2/12
ｔｅｎ！,Nst,2024/2/12
──,その他,2024/2/12
すまたん / ミヤネ屋,１st,2024/2/13
ｔｅｎ！,Nst,2024/2/13
WﾋｶﾞｼENG / 10hall,ENG,2024/2/13
──,その他,2024/2/13
すまたん / ミヤネ屋,１st,2024/2/14
声,２st,2024/2/14
うさかめ,３st,2024/2/14
ｔｅｎ！,Nst,2024/2/14
音中車検,その他,2024/2/14
すまたん / ミヤネ屋,１st,2024/2/15
ネタバレ,３st,2024/2/15
ｔｅｎ！,Nst,2024/2/15
ten中継 / EXP / ──,その他,2024/2/15
すまたん / ミヤネ屋,１st,2024/2/16
ﾊﾞｰﾁｬﾙ / ﾁｪｯｸ,２st,2024/2/16
ｔｅｎ！,Nst,2024/2/16
定期点検,R-2,2024/2/16
────────────,その他,2024/2/16
あさパラ / 2HSP,２st,2024/2/17
ウェーク,３st,2024/2/17
高知ﾏﾗｿﾝ,その他,2024/2/18
すまたん / ミヤネ屋,１st,2024/2/19
Wﾋｶﾞｼ特,２st,2024/2/19
ｔｅｎ！,Nst,2024/2/19
──,その他,2024/2/19
すまたん / ミヤネ屋,１st,2024/2/20
ほんわか,３st,2024/2/20
ｔｅｎ！,Nst,2024/2/20
すまたん / ミヤネ屋,１st,2024/2/21
ｔｅｎ！,Nst,2024/2/21
すまたん / ミヤネ屋,１st,2024/2/22
ｔｅｎ！,Nst,2024/2/22
ten中継 / NT,その他,2024/2/22
ミヤネ屋,１st,2024/2/23
委員会,３st,2024/2/23
ｔｅｎ！,Nst,2024/2/23
クギズケ,１st,2024/2/24
あさパラ / 大阪ﾏﾗｿﾝ,２st,2024/2/24
ウェーク / 大阪ﾏﾗｿﾝ,３st,2024/2/24
大ﾏﾗｺﾞｰﾙ / SNG2号車,その他,2024/2/24
大阪ﾏﾗｿﾝ,２st,2024/2/25
大阪ﾏﾗｿﾝ,３st,2024/2/25
大ﾏﾗｺﾞｰﾙ / SNG2号車,その他,2024/2/25
すまたん / ミヤネ屋,１st,2024/2/26
るてん,２st,2024/2/26
土ダメ,３st,2024/2/26
ｔｅｎ！,Nst,2024/2/26
すまたん / ミヤネ屋,１st,2024/2/27
ｔｅｎ！,Nst,2024/2/27
──,その他,2024/2/27
すまたん / ミヤネ屋,１st,2024/2/28
うさかめ,３st,2024/2/28
ｔｅｎ！,Nst,2024/2/28
─────,その他,2024/2/28
すまたん / ミヤネ屋,１st,2024/2/29
ネタバレ,３st,2024/2/29
ｔｅｎ！,Nst,2024/2/29
ten中継 / 関西東通 / 東京ﾏﾗｿﾝ,その他,2024/2/29
すまたん / ミヤネ屋,１st,2024/3/1
ｔｅｎ！,Nst,2024/3/1
────,その他,2024/3/1
漫才,１st,2024/3/2
あさパラ / L+V,２st,2024/3/2
ウェーク,３st,2024/3/2
NT貸出,R-1,2024/3/2
────,その他,2024/3/2
漫才,１st,2024/3/3
NT貸出,R-1,2024/3/3
東京ﾏﾗｿﾝ,その他,2024/3/3
すまたん / ミヤネ屋,１st,2024/3/4
2subﾒﾝﾃ,２st,2024/3/4
ｔｅｎ！,Nst,2024/3/4
──,その他,2024/3/4
すまたん / ミヤネ屋 / 1subﾒﾝﾃ,１st,2024/3/5
ほんわか,３st,2024/3/5
ｔｅｎ！,Nst,2024/3/5
すまたん / ミヤネ屋,１st,2024/3/6
ｔｅｎ！,Nst,2024/3/6
Ｂリーグ,R-2,2024/3/6
すまたん / ミヤネ屋,１st,2024/3/7
ひとり60,３st,2024/3/7
ｔｅｎ！,Nst,2024/3/7
ten中継 / 関西東通,その他,2024/3/7
すまたん / ミヤネ屋,１st,2024/3/8
委員会,３st,2024/3/8
ｔｅｎ！,Nst,2024/3/8
クギズケ,１st,2024/3/9
ウェーク,３st,2024/3/9
すまたん / ミヤネ屋,１st,2024/3/11
2subﾒﾝﾃ,２st,2024/3/11
るてん / ｔｅｎ！,Nst,2024/3/11
──,R-2,2024/3/11
すまたん / ミヤネ屋,１st,2024/3/12
2subﾒﾝﾃ,２st,2024/3/12
ｔｅｎ！,Nst,2024/3/12
車検,R-2,2024/3/12
すまたん / ミヤネ屋,１st,2024/3/13
声,２st,2024/3/13
うさかめ,３st,2024/3/13
ｔｅｎ！,Nst,2024/3/13
──,R-2,2024/3/13
──,ENG,2024/3/13
すまたん / ミヤネ屋,１st,2024/3/14
ネタバレ,３st,2024/3/14
ｔｅｎ！,Nst,2024/3/14
車検,ENG,2024/3/14
ten中継 / EXP,その他,2024/3/14
すまたん / ミヤネ屋,１st,2024/3/15
ｔｅｎ！,Nst,2024/3/15
──,ENG,2024/3/15
1subﾒﾝﾃ,１st,2024/3/16
あさパラ,２st,2024/3/16
ウェーク,３st,2024/3/16
1subﾒﾝﾃ,１st,2024/3/17
すまたん / ミヤネ屋,１st,2024/3/18
ｔｅｎ！,Nst,2024/3/18
すまたん / ミヤネ屋,１st,2024/3/19
ほんわか,３st,2024/3/19
ｔｅｎ！,Nst,2024/3/19
G.Night,R-1,2024/3/19
ミヤネ屋,１st,2024/3/20
ｔｅｎ！,Nst,2024/3/20
紅梅亭,R-2,2024/3/20
ﾋﾟﾛﾃｨ,ENG,2024/3/20
すまたん / ミヤネ屋,１st,2024/3/21
ｔｅｎ！,Nst,2024/3/21
NTV応援,R-1,2024/3/21
亀岡,R-2,2024/3/21
ten中継 / NT,その他,2024/3/21
すまたん / ミヤネ屋,１st,2024/3/22
委員会,３st,2024/3/22
ｔｅｎ！,Nst,2024/3/22
NTV応援,R-1,2024/3/22
U23代表,R-2,2024/3/22
クギズケ,１st,2024/3/23
あさパラ,２st,2024/3/23
ウェーク,３st,2024/3/23
すまたん / ミヤネ屋,１st,2024/3/25
るてん,２st,2024/3/25
土ダメ,３st,2024/3/25
ｔｅｎ！,Nst,2024/3/25
すまたん / ミヤネ屋,１st,2024/3/26
ｔｅｎ！,Nst,2024/3/26
すまたん / ミヤネ屋,１st,2024/3/27
うさかめ,３st,2024/3/27
ｔｅｎ！,Nst,2024/3/27
Ｂリーグ,R-2,2024/3/27
すまたん / ミヤネ屋,１st,2024/3/28
ネタバレ,３st,2024/3/28
ｔｅｎ！,Nst,2024/3/28
ten中継 / NT,その他,2024/3/28
すまたん / ミヤネ屋,１st,2024/3/29
ｔｅｎ！,Nst,2024/3/29
FBS応援,R-1,2024/3/29
B-H,R-2,2024/3/29
あさパラ / ２HSP,２st,2024/3/30
ウェーク,３st,2024/3/30
Ｇ－Ｔ / Ｂリーグ,R-1,2024/3/30
NT,R-2,2024/3/30
すまたん / ミヤネ屋,１st,2024/4/1
永年入社 / sub,２st,2024/4/1
ｔｅｎ！,Nst,2024/4/1
──,R-2,2024/4/1
──,ENG,2024/4/1
すまたん / ミヤネ屋,１st,2024/4/2
ほんわか,３st,2024/4/2
ｔｅｎ！,Nst,2024/4/2
────,R-2,2024/4/2
────,ENG,2024/4/2
すまたん / ミヤネ屋,１st,2024/4/3
ｔｅｎ！,Nst,2024/4/3
────,R-2,2024/4/3
────,ENG,2024/4/3
すまたん / ミヤネ屋,１st,2024/4/4
ｔｅｎ！,Nst,2024/4/4
────,R-2,2024/4/4
────,ENG,2024/4/4
ten中継 / Nextry,その他,2024/4/4
すまたん / ミヤネ屋,１st,2024/4/5
委員会,３st,2024/4/5
ｔｅｎ！,Nst,2024/4/5
────,R-2,2024/4/5
────,ENG,2024/4/5
クギズケ,１st,2024/4/6
あさパラ,２st,2024/4/6
ウェーク,３st,2024/4/6
────,R-2,2024/4/6
────,ENG,2024/4/6
FFSAｺﾞﾙﾌ,R-2,2024/4/7
FFSAｺﾞﾙﾌ,ENG,2024/4/7
すまたん / ミヤネ屋,１st,2024/4/8
ｔｅｎ！,Nst,2024/4/8
──,R-2,2024/4/8
──,ENG,2024/4/8
すまたん / ミヤネ屋,１st,2024/4/9
ｔｅｎ！,Nst,2024/4/9
すまたん / ミヤネ屋,１st,2024/4/10
ｔｅｎ！,Nst,2024/4/10
すまたん / ミヤネ屋,１st,2024/4/11
金パフェ,２st,2024/4/11
ネタバレ,３st,2024/4/11
ｔｅｎ！,Nst,2024/4/11
Ｔ－Ｃ,R-1,2024/4/11
ten中継 / 関西東通,その他,2024/4/11
すまたん / ミヤネ屋,１st,2024/4/12
金パフェ,２st,2024/4/12
ｔｅｎ！,Nst,2024/4/12
声 / 番審,ENG,2024/4/12
あさパラ,２st,2024/4/13
ウェーク,３st,2024/4/13
Wup万博,R-1,2024/4/13
Ｂリーグ,R-2,2024/4/13
NT,ENG,2024/4/13
Ｂリーグ,R-2,2024/4/14
NT / 地球便,ENG,2024/4/14
すまたん / ミヤネ屋,１st,2024/4/15
ｔｅｎ！,Nst,2024/4/15
NT貸出,R-2,2024/4/15
すまたん / ミヤネ屋,１st,2024/4/16
ほんわか,３st,2024/4/16
ｔｅｎ！,Nst,2024/4/16
NT貸出,R-2,2024/4/16
すまたん / ミヤネ屋,１st,2024/4/17
声,２st,2024/4/17
ｔｅｎ！,Nst,2024/4/17
Ｂリーグ,R-2,2024/4/17
──,ENG,2024/4/17
すまたん / ミヤネ屋,１st,2024/4/18
ｔｅｎ！,Nst,2024/4/18
Ｔ－Ｇ,R-1,2024/4/18
────,ENG,2024/4/18
ten中継 / EXP,その他,2024/4/18
すまたん / ミヤネ屋,１st,2024/4/19
委員会,３st,2024/4/19
ｔｅｎ！,Nst,2024/4/19
NT貸出,R-2,2024/4/19
────,ENG,2024/4/19
クギズケ,１st,2024/4/20
あさパラ,２st,2024/4/20
ウェーク,３st,2024/4/20
Ｔ－Ｄ,R-1,2024/4/20
NT貸出,R-2,2024/4/20
地球便 / ────,ENG,2024/4/20
NT貸出,R-2,2024/4/21
ﾍﾞﾄﾅﾑPG / ────,ENG,2024/4/21
すまたん / ミヤネ屋,１st,2024/4/22
土ダメ,３st,2024/4/22
ｔｅｎ！,Nst,2024/4/22
────,ENG,2024/4/22
すまたん / ミヤネ屋,１st,2024/4/23
新人研修,２st,2024/4/23
ｔｅｎ！,Nst,2024/4/23
────,ENG,2024/4/23
すまたん / ミヤネ屋,１st,2024/4/24
うさかめ,３st,2024/4/24
ｔｅｎ！,Nst,2024/4/24
────,ENG,2024/4/24
すまたん / ミヤネ屋,１st,2024/4/25
ネタバレ,３st,2024/4/25
ｔｅｎ！,Nst,2024/4/25
──,ENG,2024/4/25
ten中継 / 関西東通,その他,2024/4/25
すまたん / ミヤネ屋,１st,2024/4/26
ｔｅｎ！,Nst,2024/4/26
Ｔ－Ｓ,R-1,2024/4/26
あさパラ / ２HSP,２st,2024/4/27
ウェーク,３st,2024/4/27
ミヤネ屋,１st,2024/4/29
ｔｅｎ！,Nst,2024/4/29
すまたん / ミヤネ屋,１st,2024/4/30
ｔｅｎ！,Nst,2024/4/30
すまたん / ミヤネ屋,１st,2024/5/1
ｔｅｎ！,Nst,2024/5/1
すまたん / ミヤネ屋,１st,2024/5/2
ｔｅｎ！,Nst,2024/5/2
ten中継 / NT,その他,2024/5/2
ミヤネ屋,１st,2024/5/3
委員会,３st,2024/5/3
ｔｅｎ！,Nst,2024/5/3
Ｇ－Ｔ / OTODAMA,R-1,2024/5/3
クギズケ,１st,2024/5/4
あさパラ,２st,2024/5/4
ウェーク,３st,2024/5/4
OTODAMA,R-1,2024/5/4
Ｂリーグ,R-2,2024/5/4
NT,ENG,2024/5/4
OTODAMA,R-1,2024/5/5
Ｂリーグ,R-2,2024/5/5
NT,ENG,2024/5/5
ミヤネ屋,１st,2024/5/6
ｔｅｎ！,Nst,2024/5/6
NT貸出,R-2,2024/5/6
すまたん / ミヤネ屋,１st,2024/5/7
ｔｅｎ！,Nst,2024/5/7
すまたん / ミヤネ屋,１st,2024/5/8
うさかめ,３st,2024/5/8
ｔｅｎ！,Nst,2024/5/8
すまたん / ミヤネ屋,１st,2024/5/9
ネタバレ,３st,2024/5/9
ｔｅｎ！,Nst,2024/5/9
NT貸出,R-1,2024/5/9
ten中継 / NT,その他,2024/5/9
すまたん / ミヤネ屋,１st,2024/5/10
ｔｅｎ！,Nst,2024/5/10
NT貸出,R-1,2024/5/10
NT貸出,R-2,2024/5/10
ﾁｬﾚﾝｼﾞP,その他,2024/5/10
あさパラ,２st,2024/5/11
ウェーク,３st,2024/5/11
NT貸出,R-1,2024/5/11
NT貸出,R-2,2024/5/11
地球便,ENG,2024/5/12
すまたん / ミヤネ屋,１st,2024/5/13
ｔｅｎ！,Nst,2024/5/13
ﾁｬﾚﾝｼﾞP,その他,2024/5/13
すまたん / ミヤネ屋,１st,2024/5/14
ほんわか,３st,2024/5/14
ｔｅｎ！,Nst,2024/5/14
すまたん / ミヤネ屋,１st,2024/5/15
声,２st,2024/5/15
ｔｅｎ！,Nst,2024/5/15
すまたん / ミヤネ屋,１st,2024/5/16
ｔｅｎ！,Nst,2024/5/16
ten中継 / EXP / ──,その他,2024/5/16
すまたん / ミヤネ屋,１st,2024/5/17
金パフェ,２st,2024/5/17
委員会,３st,2024/5/17
ｔｅｎ！,Nst,2024/5/17
Ｔ－Ｓ,R-1,2024/5/17
────,その他,2024/5/17
クギズケ,１st,2024/5/18
あさパラ,２st,2024/5/18
ウェーク,３st,2024/5/18
BSｺﾞﾙﾌ,その他,2024/5/18
CTV応援,その他,2024/5/19
すまたん / ミヤネ屋,１st,2024/5/20
土ダメ,３st,2024/5/20
ｔｅｎ！,Nst,2024/5/20
──,その他,2024/5/20
すまたん / ミヤネ屋,１st,2024/5/21
ｔｅｎ！,Nst,2024/5/21
すまたん / ミヤネ屋,１st,2024/5/22
うさかめ,３st,2024/5/22
ｔｅｎ！,Nst,2024/5/22
すまたん / ミヤネ屋,１st,2024/5/23
ｔｅｎ！,Nst,2024/5/23
K.M.C,R-2,2024/5/23
ten中継 / NT,その他,2024/5/23
すまたん / ミヤネ屋,１st,2024/5/24
ｔｅｎ！,Nst,2024/5/24
K.M.C,R-2,2024/5/24
あさパラ,２st,2024/5/25
ウェーク,３st,2024/5/25
Ｔ－Ｇ,R-1,2024/5/25
K.M.C,R-2,2024/5/25
K.M.C,R-2,2024/5/26
地球便 / PG,ENG,2024/5/26
すまたん / ミヤネ屋,１st,2024/5/27
ｔｅｎ！,Nst,2024/5/27
すまたん / ミヤネ屋,１st,2024/5/28
アワード,２st,2024/5/28
ほんわか,３st,2024/5/28
ｔｅｎ！,Nst,2024/5/28
Ｔ－Ｆ,R-1,2024/5/28
すまたん / ミヤネ屋,１st,2024/5/29
ｔｅｎ！,Nst,2024/5/29
鳥人間 / 下見,その他,2024/5/29
すまたん / ミヤネ屋,１st,2024/5/30
ｔｅｎ！,Nst,2024/5/30
ten中継 / 関西東通,その他,2024/5/30
クギズケ,１st,2024/6/1
あさパラ,２st,2024/6/1
ウェーク,３st,2024/6/1
すまたん / ミヤネ屋,１st,2024/6/3
土ダメ,３st,2024/6/3
ｔｅｎ！,Nst,2024/6/3
すまたん / ミヤネ屋,１st,2024/6/4
ｔｅｎ！,Nst,2024/6/4
すまたん / ミヤネ屋,１st,2024/6/5
うさかめ,３st,2024/6/5
ｔｅｎ！,Nst,2024/6/5
すまたん / ミヤネ屋,１st,2024/6/6
ネタバレ,３st,2024/6/6
ｔｅｎ！,Nst,2024/6/6
ten中継 / NT,その他,2024/6/6
すまたん / ミヤネ屋,１st,2024/6/7
ｔｅｎ！,Nst,2024/6/7
声 / 番審,ENG,2024/6/7
あさパラ,２st,2024/6/8
ウェーク,３st,2024/6/8
NT貸出,R-2,2024/6/8
すまたん / ミヤネ屋,１st,2024/6/10
ｔｅｎ！,Nst,2024/6/10
すまたん / ミヤネ屋,１st,2024/6/11
ｔｅｎ！,Nst,2024/6/11
すまたん / ミヤネ屋,１st,2024/6/12
声,２st,2024/6/12
ｔｅｎ！,Nst,2024/6/12
NT貸出,R-2,2024/6/12
NTV応援 / 岸和田,その他,2024/6/12
すまたん / ミヤネ屋,１st,2024/6/13
ｔｅｎ！,Nst,2024/6/13
NT貸出,R-2,2024/6/13
ten中継 / NT / NTV応援,その他,2024/6/13
すまたん / ミヤネ屋,１st,2024/6/14
金パフェ,２st,2024/6/14
委員会,３st,2024/6/14
ｔｅｎ！,Nst,2024/6/14
NT貸出,R-2,2024/6/14
クギズケ,１st,2024/6/15
あさパラ,２st,2024/6/15
ウェーク,３st,2024/6/15
NTV応援 / 岸和田,その他,2024/6/16
すまたん / ミヤネ屋,１st,2024/6/17
音道楽,３st,2024/6/17
ｔｅｎ！,Nst,2024/6/17
すまたん / ミヤネ屋,１st,2024/6/18
ｔｅｎ！,Nst,2024/6/18
すまたん / ミヤネ屋,１st,2024/6/19
うさかめ,３st,2024/6/19
ｔｅｎ！,Nst,2024/6/19
すまたん / ミヤネ屋,１st,2024/6/20
ネタバレ,３st,2024/6/20
ｔｅｎ！,Nst,2024/6/20
読響,R-1,2024/6/20
ten中継 / EXP,その他,2024/6/20
すまたん / ミヤネ屋,１st,2024/6/21
ｔｅｎ！,Nst,2024/6/21
NT貸出,R-1,2024/6/21
あさパラ,２st,2024/6/22
ウェーク,３st,2024/6/22
NT貸出,R-1,2024/6/22
NT貸出,R-2,2024/6/22
NT貸出,R-1,2024/6/23
NT貸出,R-2,2024/6/23
地球便,ENG,2024/6/23
すまたん / ミヤネ屋,１st,2024/6/24
ｔｅｎ！,Nst,2024/6/24
すまたん / ミヤネ屋,１st,2024/6/25
ほんわか,３st,2024/6/25
ｔｅｎ！,Nst,2024/6/25
すまたん / ミヤネ屋,１st,2024/6/26
ｔｅｎ！,Nst,2024/6/26
FBS応援,R-1,2024/6/26
B-H,R-2,2024/6/26
すまたん / ミヤネ屋,１st,2024/6/27
ｔｅｎ！,Nst,2024/6/27
ten中継 / 関西東通,その他,2024/6/27
すまたん / ミヤネ屋,１st,2024/6/28
委員会,３st,2024/6/28
ｔｅｎ！,Nst,2024/6/28
クギズケ,１st,2024/6/29
あさパラ,２st,2024/6/29
ウェーク,３st,2024/6/29
NT貸出,R-1,2024/6/29
NT貸出,R-1,2024/6/30
すまたん / ミヤネ屋,１st,2024/7/1
土ダメ,３st,2024/7/1
ｔｅｎ！,Nst,2024/7/1
すまたん / ミヤネ屋,１st,2024/7/2
ｔｅｎ！,Nst,2024/7/2
すまたん / ミヤネ屋,１st,2024/7/3
うさかめ,３st,2024/7/3
ｔｅｎ！,Nst,2024/7/3
すまたん / ミヤネ屋,１st,2024/7/4
ネタバレ,３st,2024/7/4
ｔｅｎ！,Nst,2024/7/4
ten中継 / 関西東通,その他,2024/7/4
すまたん / ミヤネ屋,１st,2024/7/5
ｔｅｎ！,Nst,2024/7/5
あさパラ,２st,2024/7/6
ウェーク,３st,2024/7/6
地球便 / ytv本社,ENG,2024/7/7
すまたん / ミヤネ屋,１st,2024/7/8
ｔｅｎ！,Nst,2024/7/8
すまたん / ミヤネ屋,１st,2024/7/9
ほんわか,３st,2024/7/9
ｔｅｎ！,Nst,2024/7/9
Ｔ－Ｓ,R-1,2024/7/9
すまたん / ミヤネ屋,１st,2024/7/10
ｔｅｎ！,Nst,2024/7/10
すまたん / ミヤネ屋,１st,2024/7/11
漫才手見,２st,2024/7/11
ｔｅｎ！,Nst,2024/7/11
漫才手見,ENG,2024/7/11
ten中継 / EXP,その他,2024/7/11
すまたん / ミヤネ屋,１st,2024/7/12
委員会,３st,2024/7/12
ｔｅｎ！,Nst,2024/7/12
クギズケ,１st,2024/7/13
あさパラ,２st,2024/7/13
ウェーク,３st,2024/7/13
もんく,３st,2024/7/14
ミヤネ屋,１st,2024/7/15
RUSH特番,２st,2024/7/15
ｔｅｎ！,Nst,2024/7/15
すまたん / ミヤネ屋,１st,2024/7/16
サブOH,２st,2024/7/16
ｔｅｎ！,Nst,2024/7/16
OH,R-1,2024/7/16
すまたん / ミヤネ屋,１st,2024/7/17
声,２st,2024/7/17
うさかめ,３st,2024/7/17
ｔｅｎ！,Nst,2024/7/17
OH,R-1,2024/7/17
すまたん / ミヤネ屋,１st,2024/7/18
ネタバレ,３st,2024/7/18
ｔｅｎ！,Nst,2024/7/18
OH,R-1,2024/7/18
ten中継 / NT,その他,2024/7/18
すまたん / ミヤネ屋,１st,2024/7/19
金パフェ,２st,2024/7/19
ｔｅｎ！,Nst,2024/7/19
OH,R-1,2024/7/19
あさパラ,２st,2024/7/20
ウェーク,３st,2024/7/20
OH,R-1,2024/7/20
地球便 / ytv本社,ENG,2024/7/21
すまたん / ミヤネ屋,１st,2024/7/22
サブOH,２st,2024/7/22
ｔｅｎ！,Nst,2024/7/22
すまたん / ミヤネ屋,１st,2024/7/23
サブOH,２st,2024/7/23
ほんわか,３st,2024/7/23
ｔｅｎ！,Nst,2024/7/23
すまたん / ミヤネ屋,１st,2024/7/24
サブOH,２st,2024/7/24
ｔｅｎ！,Nst,2024/7/24
すまたん / ミヤネ屋,１st,2024/7/25
サブOH,２st,2024/7/25
ｔｅｎ！,Nst,2024/7/25
ten中継 / NT,その他,2024/7/25
すまたん / ミヤネ屋,１st,2024/7/26
委員会,３st,2024/7/26
ｔｅｎ！,Nst,2024/7/26
鳥人間,R-1,2024/7/26
クギズケ,１st,2024/7/27
あさパラ,２st,2024/7/27
ウェーク,３st,2024/7/27
鳥人間,R-1,2024/7/27
鳥人間,R-1,2024/7/28
すまたん / ミヤネ屋,１st,2024/7/29
土ダメ,３st,2024/7/29
ｔｅｎ！,Nst,2024/7/29
すまたん / ミヤネ屋,１st,2024/7/30
ｔｅｎ！,Nst,2024/7/30
すまたん / ミヤネ屋,１st,2024/8/1
ネタバレ,３st,2024/8/1
ｔｅｎ！,Nst,2024/8/1
音道楽,ENG,2024/8/1
すまたん / ミヤネ屋,１st,2024/8/2
ｔｅｎ！,Nst,2024/8/2
あさパラ,２st,2024/8/3
ウェーク,３st,2024/8/3
漫才,３st,2024/8/4
地球便 / ytv本社,ENG,2024/8/4
すまたん / ミヤネ屋,１st,2024/8/5
ｔｅｎ！,Nst,2024/8/5
音道楽,ENG,2024/8/5
すまたん / ミヤネ屋,１st,2024/8/6
ｔｅｎ！,Nst,2024/8/6
音道楽,ENG,2024/8/6
すまたん / ミヤネ屋,１st,2024/8/7
ｔｅｎ！,Nst,2024/8/7
ミヤネ屋,１st,2024/8/8
ｔｅｎ！,Nst,2024/8/8
ten中継 / NT,その他,2024/8/8
すまたん / ミヤネ屋,１st,2024/8/9
委員会,３st,2024/8/9
ｔｅｎ！,Nst,2024/8/9
クギズケ,１st,2024/8/10
あさパラ / L+V,２st,2024/8/10
ウェーク,３st,2024/8/10
ミヤネ屋,１st,2024/8/12
ｔｅｎ！,Nst,2024/8/12
すまたん / ミヤネ屋,１st,2024/8/13
音道楽,３st,2024/8/13
ｔｅｎ！,Nst,2024/8/13
すまたん / ミヤネ屋,１st,2024/8/14
声,２st,2024/8/14
ｔｅｎ！,Nst,2024/8/14
すまたん / ミヤネ屋,１st,2024/8/15
ネタバレ,３st,2024/8/15
ｔｅｎ！,Nst,2024/8/15
ten中継 / 関西東通,その他,2024/8/15
すまたん / ミヤネ屋,１st,2024/8/16
ｔｅｎ！,Nst,2024/8/16
ウェーク,３st,2024/8/17
地球便PG / ytv本社,ENG,2024/8/18
すまたん / ミヤネ屋,１st,2024/8/19
ｔｅｎ！,Nst,2024/8/19
すまたん / ミヤネ屋,１st,2024/8/20
ほんわか,３st,2024/8/20
ｔｅｎ！,Nst,2024/8/20
すまたん / ミヤネ屋,１st,2024/8/21
ｔｅｎ！,Nst,2024/8/21
すまたん / ミヤネ屋,１st,2024/8/22
ｔｅｎ！,Nst,2024/8/22
ten中継 / NT,その他,2024/8/22
すまたん / ミヤネ屋,１st,2024/8/23
金パフェ,２st,2024/8/23
ｔｅｎ！,Nst,2024/8/23
クギズケ,１st,2024/8/24
あさパラ,２st,2024/8/24
ウェーク,３st,2024/8/24
すまたん / ミヤネ屋,１st,2024/8/26
土ダメ,３st,2024/8/26
ｔｅｎ！,Nst,2024/8/26
すまたん / ミヤネ屋,１st,2024/8/27
ｔｅｎ！,Nst,2024/8/27
すまたん / ミヤネ屋,１st,2024/8/28
うさかめ,３st,2024/8/28
ｔｅｎ！,Nst,2024/8/28
すまたん / ミヤネ屋,１st,2024/8/29
ネタバレ,３st,2024/8/29
ｔｅｎ！,Nst,2024/8/29
ten中継 / EXP,その他,2024/8/29
すまたん / ミヤネ屋,１st,2024/8/30
ｔｅｎ！,Nst,2024/8/30
Ｔ－Ｇ,R-1,2024/8/30
Ｔ－Ｇ,R-2,2024/8/30
２４時間,１st,2024/9/1
２４時間,２st,2024/9/1
すまたん / ミヤネ屋,１st,2024/9/2
ｔｅｎ！,Nst,2024/9/2
すまたん / ミヤネ屋,１st,2024/9/3
ほんわか,３st,2024/9/3
ｔｅｎ！,Nst,2024/9/3
Ｇ－Ｓ,R-1,2024/9/3
すまたん / ミヤネ屋,１st,2024/9/4
ｔｅｎ！,Nst,2024/9/4
Ｇ－Ｓ,R-1,2024/9/4
すまたん / ミヤネ屋,１st,2024/9/5
ｔｅｎ！,Nst,2024/9/5
ten中継,その他,2024/9/5
すまたん / ミヤネ屋,１st,2024/9/6
委員会,３st,2024/9/6
ｔｅｎ！,Nst,2024/9/6
NT貸出,R-2,2024/9/6
クギズケ,１st,2024/9/7
あさパラ,２st,2024/9/7
ウェーク,３st,2024/9/7
NT貸出,R-2,2024/9/7
ANAｵｰﾌﾟﾝ,R-2,2024/9/8
舞鶴運搬,ENG,2024/9/8
すまたん / ミヤネ屋,１st,2024/9/9
土ダメ,３st,2024/9/9
ｔｅｎ！,Nst,2024/9/9
ANAｵｰﾌﾟﾝ,R-2,2024/9/9
すまたん / ミヤネ屋,１st,2024/9/10
ｔｅｎ！,Nst,2024/9/10
ANAｵｰﾌﾟﾝ,R-2,2024/9/10
ｲﾝﾀｰﾝ,その他,2024/9/10
すまたん / ミヤネ屋,１st,2024/9/11
うさかめ,３st,2024/9/11
ｔｅｎ！,Nst,2024/9/11
ﾘﾌﾟﾚｲｽ,R-1,2024/9/11
ANAｵｰﾌﾟﾝ,R-2,2024/9/11
すまたん / ミヤネ屋,１st,2024/9/12
ネタバレ,３st,2024/9/12
ｔｅｎ！,Nst,2024/9/12
ﾘﾌﾟﾚｲｽ,R-1,2024/9/12
ANAｵｰﾌﾟﾝ,R-2,2024/9/12
ten中継,その他,2024/9/12
すまたん / ミヤネ屋,１st,2024/9/13
送出ｻｰﾊﾞｰ / ﾘﾌﾟﾚｲｽ,２st,2024/9/13
送出ｻｰﾊﾞｰ,３st,2024/9/13
ﾘﾌﾟﾚｲｽ / ｔｅｎ！,Nst,2024/9/13
ﾘﾌﾟﾚｲｽ / FBS野球,R-1,2024/9/13
ANAｵｰﾌﾟﾝ,R-2,2024/9/13
声,ENG,2024/9/13
送出ｻｰﾊﾞｰ / ﾘﾌﾟﾚｲｽ,１st,2024/9/14
あさパラ / 送出ｻｰﾊﾞｰ / ﾘﾌﾟﾚｲｽ,２st,2024/9/14
ウェーク / 送出ｻｰﾊﾞｰ,３st,2024/9/14
ﾘﾌﾟﾚｲｽ / 送出ｻｰﾊﾞｰ,Nst,2024/9/14
ﾘﾌﾟﾚｲｽ,R-1,2024/9/14
ANAｵｰﾌﾟﾝ,R-2,2024/9/14
送出ｻｰﾊﾞｰ / ﾘﾌﾟﾚｲｽ,１st,2024/9/15
送出ｻｰﾊﾞｰ / ﾘﾌﾟﾚｲｽ,２st,2024/9/15
送出ｻｰﾊﾞｰ,３st,2024/9/15
ﾘﾌﾟﾚｲｽ / 送出ｻｰﾊﾞｰ,Nst,2024/9/15
ﾘﾌﾟﾚｲｽ,R-1,2024/9/15
ANAｵｰﾌﾟﾝ,R-2,2024/9/15
地球便 / ytv本社,ENG,2024/9/15
ミヤネ屋,１st,2024/9/16
送出ｻｰﾊﾞｰ / ﾘﾌﾟﾚｲｽ,２st,2024/9/16
送出ｻｰﾊﾞｰ,３st,2024/9/16
ﾘﾌﾟﾚｲｽ / ｔｅｎ！,Nst,2024/9/16
ﾘﾌﾟﾚｲｽ,R-1,2024/9/16
ANAｵｰﾌﾟﾝ,R-2,2024/9/16
舞鶴運搬,ENG,2024/9/16
すまたん / ミヤネ屋,１st,2024/9/17
ほんわか,３st,2024/9/17
ｔｅｎ！,Nst,2024/9/17
ﾘﾌﾟﾚｲｽ,R-1,2024/9/17
すまたん / ミヤネ屋,１st,2024/9/18
声,２st,2024/9/18
ｔｅｎ！,Nst,2024/9/18
NT貸出,R-1,2024/9/18
すまたん / ミヤネ屋,１st,2024/9/19
ｔｅｎ！,Nst,2024/9/19
ten中継 / 関西東通,その他,2024/9/19
すまたん / ミヤネ屋,１st,2024/9/20
金パフェ,２st,2024/9/20
委員会,３st,2024/9/20
ｔｅｎ！,Nst,2024/9/20
G.Night,R-1,2024/9/20
ラグビー,R-2,2024/9/20
クギズケ,１st,2024/9/21
あさパラ,２st,2024/9/21
ウェーク,３st,2024/9/21
ラグビー,R-2,2024/9/21
音道楽,ENG,2024/9/21
G優特番,その他,2024/9/21
音道楽,ENG,2024/9/22
G優特番,その他,2024/9/22
ミヤネ屋,１st,2024/9/23
ｔｅｎ！,Nst,2024/9/23
Ｔ－Ｇ,R-1,2024/9/23
Ｔ－Ｇ,R-2,2024/9/23
G優特番,その他,2024/9/23
すまたん / ミヤネ屋,１st,2024/9/24
ｲﾝﾀｰﾝ,２st,2024/9/24
ｔｅｎ！,Nst,2024/9/24
ｲﾝﾀｰﾝ,その他,2024/9/24
すまたん / ミヤネ屋,１st,2024/9/25
うさかめ,３st,2024/9/25
ｔｅｎ！,Nst,2024/9/25
ｲﾝﾀｰﾝ,その他,2024/9/25
すまたん / ミヤネ屋,１st,2024/9/26
ネタバレ,３st,2024/9/26
ｔｅｎ！,Nst,2024/9/26
ten中継 / EXP,その他,2024/9/26
すまたん / ミヤネ屋,１st,2024/9/27
ｔｅｎ！,Nst,2024/9/27
あさパラ,２st,2024/9/28
ウェーク,３st,2024/9/28
地球便 / ytv本社,ENG,2024/9/29
すまたん / ミヤネ屋,１st,2024/9/30
ｔｅｎ！,Nst,2024/9/30
すまたん / ミヤネ屋,１st,2024/10/1
ほんわか,３st,2024/10/1
ｔｅｎ！,Nst,2024/10/1
すまたん / ミヤネ屋,１st,2024/10/2
ｔｅｎ！,Nst,2024/10/2
ﾀｯﾁﾀﾞｳﾝ,ENG,2024/10/2
すまたん / ミヤネ屋,１st,2024/10/3
ｔｅｎ！,Nst,2024/10/3
ten中継 / NT,その他,2024/10/3
すまたん / ミヤネ屋,１st,2024/10/4
委員会,３st,2024/10/4
ｔｅｎ！,Nst,2024/10/4
クギズケ,１st,2024/10/5
あさパラ,２st,2024/10/5
ウェーク,３st,2024/10/5
地震訓練,Nst,2024/10/5
スケボー,R-2,2024/10/6
NTV,ENG,2024/10/6
すまたん / ミヤネ屋,１st,2024/10/7
土ダメ,３st,2024/10/7
ｔｅｎ！,Nst,2024/10/7
ノーベル,その他,2024/10/7
すまたん / ミヤネ屋,１st,2024/10/8
ｔｅｎ！,Nst,2024/10/8
ノーベル,その他,2024/10/8
すまたん / ミヤネ屋,１st,2024/10/9
うさかめ,３st,2024/10/9
ｔｅｎ！,Nst,2024/10/9
ノーベル,その他,2024/10/9
すまたん / ミヤネ屋,１st,2024/10/10
ネタバレ,３st,2024/10/10
ｔｅｎ！,Nst,2024/10/10
ten中継 / 関西東通,その他,2024/10/10
すまたん / ミヤネ屋,１st,2024/10/11
金パフェ,２st,2024/10/11
ｔｅｎ！,Nst,2024/10/11
声,ENG,2024/10/11
あさパラ,２st,2024/10/12
ウェーク,３st,2024/10/12
Ｂリーグ,R-2,2024/10/12
NT委託,ENG,2024/10/12
漫才,３st,2024/10/13
ＣＳ,R-1,2024/10/13
Ｂリーグ,R-2,2024/10/13
NT委託 / 地球便 / ytv本社,ENG,2024/10/13
ミヤネ屋,１st,2024/10/14
ｔｅｎ！,Nst,2024/10/14
すまたん / ミヤネ屋,１st,2024/10/15
ほんわか,３st,2024/10/15
ｔｅｎ！,Nst,2024/10/15
すまたん / ミヤネ屋,１st,2024/10/16
声,２st,2024/10/16
ｔｅｎ！,Nst,2024/10/16
ＰＧ,R-1,2024/10/16
すまたん / ミヤネ屋,１st,2024/10/17
ｔｅｎ！,Nst,2024/10/17
ten中継 / NT,その他,2024/10/17
すまたん / ミヤネ屋,１st,2024/10/18
委員会,３st,2024/10/18
ｔｅｎ！,Nst,2024/10/18
ＰＧ,R-1,2024/10/18
クギズケ,１st,2024/10/19
あさパラ,２st,2024/10/19
ウェーク,３st,2024/10/19
すまたん / ミヤネ屋,１st,2024/10/21
土ダメ,３st,2024/10/21
ｔｅｎ！,Nst,2024/10/21
ＰＧ,R-1,2024/10/21
すまたん / ミヤネ屋,１st,2024/10/22
ｔｅｎ！,Nst,2024/10/22
すまたん / ミヤネ屋,１st,2024/10/23
うさかめ,３st,2024/10/23
ｔｅｎ！,Nst,2024/10/23
すまたん / ミヤネ屋,１st,2024/10/24
ネタバレ,３st,2024/10/24
ｔｅｎ！,Nst,2024/10/24
ten中継 / EXP,その他,2024/10/24
すまたん / ミヤネ屋,１st,2024/10/25
ｔｅｎ！,Nst,2024/10/25
正倉院,ENG,2024/10/25
あさパラ,２st,2024/10/26
ウェーク,３st,2024/10/26
Ｂリーグ / NT委託,その他,2024/10/26
選挙,Nst,2024/10/27
BH事前,R-1,2024/10/27
NT貸出,R-2,2024/10/27
地球便 / ytv本社,ENG,2024/10/27
Ｂリーグ / NT委託,その他,2024/10/27
すまたん / ミヤネ屋,１st,2024/10/28
おにぎり,３st,2024/10/28
ｔｅｎ！,Nst,2024/10/28
BH事前,R-1,2024/10/28
PG / BH事前,R-2,2024/10/28
PG,ENG,2024/10/28
すまたん / ミヤネ屋,１st,2024/10/29
ほんわか,３st,2024/10/29
ｔｅｎ！,Nst,2024/10/29
BH事前,R-1,2024/10/29
BH事前,R-2,2024/10/29
すまたん / ミヤネ屋,１st,2024/10/30
ｔｅｎ！,Nst,2024/10/30
すまたん / ミヤネ屋,１st,2024/11/1
委員会,３st,2024/11/1
ｔｅｎ！,Nst,2024/11/1
BH事前,R-1,2024/11/1
クギズケ,１st,2024/11/2
あさパラ,２st,2024/11/2
ウェーク,３st,2024/11/2
Ｂリーグ,R-1,2024/11/2
Ｂリーグ,R-1,2024/11/3
NT貸出,R-2,2024/11/3
ミヤネ屋,１st,2024/11/4
ｔｅｎ！,Nst,2024/11/4
すまたん / ミヤネ屋,１st,2024/11/5
ｔｅｎ！,Nst,2024/11/5
すまたん / ミヤネ屋,１st,2024/11/6
うさかめ,３st,2024/11/6
ｔｅｎ！,Nst,2024/11/6
すまたん / ミヤネ屋,１st,2024/11/7
ネタバレ,３st,2024/11/7
ｔｅｎ！,Nst,2024/11/7
ten中継,その他,2024/11/7
すまたん / ミヤネ屋,１st,2024/11/8
金パフェ,２st,2024/11/8
ｔｅｎ！,Nst,2024/11/8
声 / 番審,ENG,2024/11/8
あさパラ,２st,2024/11/9
ウェーク,３st,2024/11/9
高校ｻｯｶｰ,R-1,2024/11/9
Ｂリーグ,R-2,2024/11/9
BH事前,R-1,2024/11/10
Ｂリーグ,R-2,2024/11/10
すまたん / ミヤネ屋,１st,2024/11/11
ｔｅｎ！,Nst,2024/11/11
ﾍﾞｽﾄﾋｯﾄ,R-1,2024/11/11
室内楽,R-2,2024/11/11
すまたん / ミヤネ屋,１st,2024/11/12
ｔｅｎ！,Nst,2024/11/12
ﾍﾞｽﾄﾋｯﾄ,R-1,2024/11/12
すまたん / ミヤネ屋,１st,2024/11/13
ｔｅｎ！,Nst,2024/11/13
ﾍﾞｽﾄﾋｯﾄ,R-1,2024/11/13
すまたん / ミヤネ屋,１st,2024/11/14
ｔｅｎ！,Nst,2024/11/14
ﾍﾞｽﾄﾋｯﾄ,R-1,2024/11/14
ｴﾘｴｰﾙ,R-2,2024/11/14
すまたん / ミヤネ屋,１st,2024/11/15
委員会,３st,2024/11/15
ｔｅｎ！,Nst,2024/11/15
ｴﾘｴｰﾙ,R-2,2024/11/15
──,その他,2024/11/15
クギズケ,１st,2024/11/16
あさパラ,２st,2024/11/16
ウェーク,３st,2024/11/16
ｴﾘｴｰﾙ,R-2,2024/11/16
丹後駅伝,その他,2024/11/16
ｴﾘｴｰﾙ,R-2,2024/11/17
すまたん / ミヤネ屋,１st,2024/11/18
土ダメ,３st,2024/11/18
ｔｅｎ！,Nst,2024/11/18
人事配信,その他,2024/11/18
すまたん / ミヤネ屋,１st,2024/11/19
ｔｅｎ！,Nst,2024/11/19
すまたん / ミヤネ屋,１st,2024/11/20
声,２st,2024/11/20
うさかめ,３st,2024/11/20
ｔｅｎ！,Nst,2024/11/20
ﾀｯﾁﾀﾞｳﾝ,ENG,2024/11/20
すまたん / ミヤネ屋,１st,2024/11/21
ネタバレ,３st,2024/11/21
ｔｅｎ！,Nst,2024/11/21
ten中継 / EXP,その他,2024/11/21
すまたん / ミヤネ屋,１st,2024/11/22
ｔｅｎ！,Nst,2024/11/22
あさパラ,２st,2024/11/23
ウェーク,３st,2024/11/23
地球便 / ytv本社,ENG,2024/11/24
すまたん / ミヤネ屋,１st,2024/11/25
ｔｅｎ！,Nst,2024/11/25
すまたん / ミヤネ屋,１st,2024/11/26
ほんわか,３st,2024/11/26
ｔｅｎ！,Nst,2024/11/26
すまたん / ミヤネ屋,１st,2024/11/27
ｔｅｎ！,Nst,2024/11/27
防府,R-1,2024/11/27
すまたん / ミヤネ屋,１st,2024/11/28
ｔｅｎ！,Nst,2024/11/28
防府,R-1,2024/11/28
―――――――,R-2,2024/11/28
ten中継 / 東通,その他,2024/11/28
すまたん / ミヤネ屋,１st,2024/11/29
委員会,３st,2024/11/29
ｔｅｎ！,Nst,2024/11/29
防府,R-1,2024/11/29
――――,R-2,2024/11/29
クギズケ,１st,2024/11/30
あさパラ,２st,2024/11/30
ウェーク,３st,2024/11/30
防府,R-1,2024/11/30
――――,R-2,2024/11/30
防府ﾏﾗｿﾝ,R-1,2024/12/1
すまたん / ミヤネ屋,１st,2024/12/2
土ダメ,３st,2024/12/2
ｔｅｎ！,Nst,2024/12/2
防府ﾏﾗｿﾝ,R-1,2024/12/2
すまたん / ミヤネ屋,１st,2024/12/3
ｔｅｎ！,Nst,2024/12/3
すまたん / ミヤネ屋,１st,2024/12/4
ｔｅｎ！,Nst,2024/12/4
超ULTRA,R-1,2024/12/4
ﾀｯﾁﾀﾞｳﾝ,その他,2024/12/4
すまたん / ミヤネ屋,１st,2024/12/5
ネタバレ,２st,2024/12/5
ｔｅｎ！,Nst,2024/12/5
超ULTRA,R-1,2024/12/5
ten中継 / EXP,その他,2024/12/5
すまたん / ミヤネ屋,１st,2024/12/6
金パフェ,２st,2024/12/6
60分,３st,2024/12/6
ｔｅｎ！,Nst,2024/12/6
上沼特番,その他,2024/12/6
あさパラ,２st,2024/12/7
ウェーク,３st,2024/12/7
Ｂリーグ,R-1,2024/12/7
NT,R-2,2024/12/7
Ｂリーグ,R-1,2024/12/8
NT / NT貸出,R-2,2024/12/8
地球便 / ytv本社,その他,2024/12/8
すまたん / ミヤネ屋,１st,2024/12/9
ｔｅｎ！,Nst,2024/12/9
すまたん / ミヤネ屋,１st,2024/12/10
ほんわか,３st,2024/12/10
ｔｅｎ！,Nst,2024/12/10
すまたん / ミヤネ屋,１st,2024/12/11
ｔｅｎ！,Nst,2024/12/11
すまたん / ミヤネ屋,１st,2024/12/12
紅梅亭,３st,2024/12/12
ｔｅｎ！,Nst,2024/12/12
ten中継,その他,2024/12/12
すまたん / ミヤネ屋,１st,2024/12/13
委員会,３st,2024/12/13
ｔｅｎ！,Nst,2024/12/13
声 / 番審,ENG,2024/12/13
クギズケ,１st,2024/12/14
あさパラ,２st,2024/12/14
ウェーク,３st,2024/12/14
ロケット,R-2,2024/12/14
中学駅伝,その他,2024/12/15
すまたん / ミヤネ屋,１st,2024/12/16
ｔｅｎ！,Nst,2024/12/16
すまたん / ミヤネ屋,１st,2024/12/17
ガウディ,２st,2024/12/17
ｔｅｎ！,Nst,2024/12/17
すまたん / ミヤネ屋,１st,2024/12/18
声,２st,2024/12/18
うさかめ,３st,2024/12/18
ｔｅｎ！,Nst,2024/12/18
Ｂリーグ,R-1,2024/12/18
ﾀｯﾁﾀﾞｳﾝ,その他,2024/12/18
すまたん / ミヤネ屋,１st,2024/12/19
ネタバレ,３st,2024/12/19
ｔｅｎ！,Nst,2024/12/19
ten中継 / 東通,その他,2024/12/19
すまたん / ミヤネ屋,１st,2024/12/20
ｔｅｎ！,Nst,2024/12/20
あさパラ,２st,2024/12/21
ウェーク / L＋V,３st,2024/12/21
Ｂリーグ,R-1,2024/12/21
Ｂリーグ,R-1,2024/12/22
地球便 / ytv本社 / PG,その他,2024/12/22
すまたん / ミヤネ屋,１st,2024/12/23
ｔｅｎ！,Nst,2024/12/23
すまたん / ミヤネ屋,１st,2024/12/24
ｔｅｎ！,Nst,2024/12/24
すまたん / ミヤネ屋,１st,2024/12/25
ｔｅｎ！,Nst,2024/12/25
NTV応援,R-1,2024/12/25
すまたん / ミヤネ屋,１st,2024/12/26
ｔｅｎ！,Nst,2024/12/26
NTV応援,R-1,2024/12/26
ten中継,その他,2024/12/26
すまたん / ミヤネ屋,１st,2024/12/27
ｔｅｎ！,Nst,2024/12/27
NTV応援,R-1,2024/12/27
あさパラ,２st,2024/12/28
ウェーク,３st,2024/12/28
NTV応援,R-1,2024/12/28
NTV応援,R-1,2024/12/29
NTV万博,R-2,2025/1/1
すまたん / ミヤネ屋,１st,2025/1/6
ｔｅｎ！,Nst,2025/1/6
すまたん / ミヤネ屋,１st,2025/1/7
ｔｅｎ！,Nst,2025/1/7
すまたん / ミヤネ屋,１st,2025/1/8
ｔｅｎ！,Nst,2025/1/8
すまたん / ミヤネ屋,１st,2025/1/9
ｔｅｎ！,Nst,2025/1/9
ten中継 / NT,その他,2025/1/9
すまたん / ミヤネ屋,１st,2025/1/10
金パフェ,２st,2025/1/10
委員会,３st,2025/1/10
ｔｅｎ！,Nst,2025/1/10
開門,その他,2025/1/10
クギズケ,１st,2025/1/11
あさパラ / L+V,２st,2025/1/11
ウェーク,３st,2025/1/11
Ｂリーグ,R-1,2025/1/11
1subOH,１st,2025/1/12
Ｂリーグ,R-1,2025/1/12
ｔｅｎ！,Nst,2025/1/13
NT貸出,R-1,2025/1/13
NT貸出,R-2,2025/1/13
すまたん / ミヤネ屋,１st,2025/1/14
ｔｅｎ！,Nst,2025/1/14
NT貸出,R-2,2025/1/14
すまたん / ミヤネ屋,１st,2025/1/15
声,２st,2025/1/15
うさかめ,３st,2025/1/15
ｔｅｎ！,Nst,2025/1/15
すまたん / ミヤネ屋,１st,2025/1/16
ネタバレ,３st,2025/1/16
ｔｅｎ！,Nst,2025/1/16
震災特番,R-2,2025/1/16
ten中継 / 東通 / 震災中継,その他,2025/1/16
ミヤネ屋,１st,2025/1/17
ｔｅｎ！,Nst,2025/1/17
震災特番,R-2,2025/1/17
震災サブ / 震災中継,その他,2025/1/17
1subOH,１st,2025/1/18
ウェーク,３st,2025/1/18
1subOH,１st,2025/1/19
漫才,３st,2025/1/19
地球便 / ytv本社,ENG,2025/1/19
すまたん / ミヤネ屋,１st,2025/1/20
ｔｅｎ！,Nst,2025/1/20
すまたん / ミヤネ屋,１st,2025/1/21
ほんわか,３st,2025/1/21
ｔｅｎ！,Nst,2025/1/21
すまたん / ミヤネ屋,１st,2025/1/22
ｔｅｎ！,Nst,2025/1/22
すまたん / ミヤネ屋,１st,2025/1/23
ｔｅｎ！,Nst,2025/1/23
ten中継 / NT,その他,2025/1/23
すまたん / ミヤネ屋,１st,2025/1/24
委員会,３st,2025/1/24
ｔｅｎ！,Nst,2025/1/24
クギズケ,１st,2025/1/25
あさパラ,２st,2025/1/25
ウェーク,３st,2025/1/25
1subOH,１st,2025/1/26
すまたん / ミヤネ屋,１st,2025/1/27
土ダメ,２st,2025/1/27
ｔｅｎ！,Nst,2025/1/27
SDT / 焼津ﾏﾗｿﾝ / μﾃｽﾄ,その他,2025/1/27
すまたん / ミヤネ屋,１st,2025/1/28
ガウディ,３st,2025/1/28
ｔｅｎ！,Nst,2025/1/28
━,その他,2025/1/28
すまたん / ミヤネ屋,１st,2025/1/29
うさかめ,３st,2025/1/29
ｔｅｎ！,Nst,2025/1/29
すまたん / ミヤネ屋,１st,2025/1/30
ネタバレ,３st,2025/1/30
ｔｅｎ！,Nst,2025/1/30
ten中継 / EXP,その他,2025/1/30
あさパラ,２st,2025/2/1
ウェーク,３st,2025/2/1
Ｂリーグ,R-2,2025/2/1
NT,ENG,2025/2/1
Ｂリーグ,R-2,2025/2/2
NT / 地球便 / 空前特番,ENG,2025/2/2
すまたん / ミヤネ屋,１st,2025/2/3
ｔｅｎ！,Nst,2025/2/3
空前特番,ENG,2025/2/3
すまたん / ミヤネ屋,１st,2025/2/4
ほんわか,３st,2025/2/4
ｔｅｎ！,Nst,2025/2/4
NT貸出,R-2,2025/2/4
すまたん / ミヤネ屋,１st,2025/2/5
ｔｅｎ！,Nst,2025/2/5
すまたん / ミヤネ屋,１st,2025/2/6
ｔｅｎ！,Nst,2025/2/6
ten中継 / NT / ──,その他,2025/2/6
すまたん / ミヤネ屋,１st,2025/2/7
金パフェ,２st,2025/2/7
委員会,３st,2025/2/7
ｔｅｎ！,Nst,2025/2/7
─────,その他,2025/2/7
クギズケ,１st,2025/2/8
あさパラ,２st,2025/2/8
ウェーク,３st,2025/2/8
Ｂリーグ,R-2,2025/2/8
ytv,ENG,2025/2/8
愛媛ﾏﾗｿﾝ,その他,2025/2/8
1subOH,１st,2025/2/9
もんく,３st,2025/2/9
Ｂリーグ,R-2,2025/2/9
ytv,ENG,2025/2/9
─────,その他,2025/2/9
すまたん / ミヤネ屋,１st,2025/2/10
土ダメ,３st,2025/2/10
ｔｅｎ！,Nst,2025/2/10
──,その他,2025/2/10
ミヤネ屋,１st,2025/2/11
空前特番,２st,2025/2/11
ｔｅｎ！,Nst,2025/2/11
すまたん / ミヤネ屋,１st,2025/2/12
うさかめ,３st,2025/2/12
ｔｅｎ！,Nst,2025/2/12
すまたん / ミヤネ屋,１st,2025/2/13
ネタバレ,３st,2025/2/13
ｔｅｎ！,Nst,2025/2/13
ten中継 / NT,その他,2025/2/13
すまたん / ミヤネ屋,１st,2025/2/14
ｔｅｎ！,Nst,2025/2/14
声・番審,ENG,2025/2/14
1subOH / 予備日,１st,2025/2/15
あさパラ,２st,2025/2/15
ウェーク,３st,2025/2/15
NT貸出,R-2,2025/2/15
NT貸出,R-2,2025/2/16
地球便 / 本社Sora,ENG,2025/2/16
すまたん / ミヤネ屋,１st,2025/2/17
ｔｅｎ！,Nst,2025/2/17
すまたん / ミヤネ屋,１st,2025/2/18
紅梅亭,２st,2025/2/18
ほんわか,３st,2025/2/18
ｔｅｎ！,Nst,2025/2/18
空前特番 / 10hall,ENG,2025/2/18
すまたん / ミヤネ屋,１st,2025/2/19
声,２st,2025/2/19
ｔｅｎ！,Nst,2025/2/19
すまたん / ミヤネ屋,１st,2025/2/20
音道楽,３st,2025/2/20
ｔｅｎ！,Nst,2025/2/20
ten中継 / EXP,その他,2025/2/20
すまたん / ミヤネ屋,１st,2025/2/21
委員会,３st,2025/2/21
ｔｅｎ！,Nst,2025/2/21
クギズケ,１st,2025/2/22
あさパラ,２st,2025/2/22
ウェーク,３st,2025/2/22
音声点検,R-1,2025/2/22
音声点検,R-1,2025/2/23
ミヤネ屋,１st,2025/2/24
土ダメ,３st,2025/2/24
ｔｅｎ！,Nst,2025/2/24
音声点検,R-1,2025/2/24
大ﾏﾗｺﾞｰﾙ,その他,2025/2/24
すまたん / ミヤネ屋,１st,2025/2/25
ｔｅｎ！,Nst,2025/2/25
すまたん / ミヤネ屋,１st,2025/2/26
ｔｅｎ！,Nst,2025/2/26
SNG1 / ｱﾝﾃﾅ点検 / ──,その他,2025/2/26
すまたん / ミヤネ屋,１st,2025/2/27
ネタバレ,３st,2025/2/27
ｔｅｎ！,Nst,2025/2/27
ｱﾝﾃﾅ点検,R-2,2025/2/27
ten中継 / 東通 / ─────,その他,2025/2/27
すまたん / ミヤネ屋,１st,2025/2/28
ｔｅｎ！,Nst,2025/2/28
Ｂリーグ,R-2,2025/2/28
NT,ENG,2025/2/28
SNG2 / ｱﾝﾃﾅ点検 / 東京ﾏﾗｿﾝ,その他,2025/2/28
漫才,１st,2025/3/1
あさパラ,２st,2025/3/1
ウェーク,３st,2025/3/1
Ｂリーグ,R-2,2025/3/1
NT,ENG,2025/3/1
────,その他,2025/3/1
漫才,１st,2025/3/2
地球便 / ytv本社,ENG,2025/3/2
東京ﾏﾗｿﾝ,その他,2025/3/2
すまたん / ミヤネ屋,１st,2025/3/3
ｔｅｎ！,Nst,2025/3/3
──,その他,2025/3/3
すまたん / ミヤネ屋,１st,2025/3/4
ｔｅｎ！,Nst,2025/3/4
ほんわか,R-1,2025/3/4
すまたん / ミヤネ屋,１st,2025/3/5
ｔｅｎ！,Nst,2025/3/5
すまたん / ミヤネ屋,１st,2025/3/6
ｔｅｎ！,Nst,2025/3/6
ten中継 / NT,その他,2025/3/6
すまたん / ミヤネ屋,１st,2025/3/7
委員会,３st,2025/3/7
ｔｅｎ！,Nst,2025/3/7
クギズケ,１st,2025/3/8
あさパラ / L+V2,２st,2025/3/8
ウェーク,３st,2025/3/8
すまたん / ミヤネ屋,１st,2025/3/10
ｔｅｎ！,Nst,2025/3/10
すまたん / ミヤネ屋,１st,2025/3/11
ｔｅｎ！,Nst,2025/3/11
すまたん / ミヤネ屋,１st,2025/3/12
うさかめ,３st,2025/3/12
ｔｅｎ！,Nst,2025/3/12
Ｂリーグ,R-2,2025/3/12
NT,ENG,2025/3/12
すまたん / ミヤネ屋,１st,2025/3/13
ネタバレ / NT,３st,2025/3/13
ｔｅｎ！,Nst,2025/3/13
ten中継 / 東通 / 技術報告,その他,2025/3/13
すまたん / ミヤネ屋,１st,2025/3/14
金パフェ,２st,2025/3/14
ｔｅｎ！,Nst,2025/3/14
声・番審,ENG,2025/3/14
ｺﾝ戦説明会 / ﾘｰｸﾞOME / 豊田,その他,2025/3/14
ウェーク,３st,2025/3/15
ﾘｰｸﾞOME / 豊田,その他,2025/3/15
すまたん / ミヤネ屋,１st,2025/3/17
ｔｅｎ！,Nst,2025/3/17
多目的 / 修理,その他,2025/3/17
すまたん / ミヤネ屋,１st,2025/3/18
ほんわか,３st,2025/3/18
ｔｅｎ！,Nst,2025/3/18
多目的 / 修理,その他,2025/3/18
すまたん / ミヤネ屋,１st,2025/3/19
声,２st,2025/3/19
ｔｅｎ！,Nst,2025/3/19
Ｂリーグ,R-2,2025/3/19
ytv,ENG,2025/3/19
多目的 / 修理,その他,2025/3/19
ミヤネ屋,１st,2025/3/20
ｔｅｎ！,Nst,2025/3/20
ten中継 / EXP,その他,2025/3/20
すまたん / ミヤネ屋,１st,2025/3/21
委員会,３st,2025/3/21
ｔｅｎ！,Nst,2025/3/21
クギズケ,１st,2025/3/22
ウェーク,３st,2025/3/22
紅梅亭,R-1,2025/3/22
すまたん / ミヤネ屋,１st,2025/3/24
ｔｅｎ！,Nst,2025/3/24
すまたん / ミヤネ屋,１st,2025/3/25
ｔｅｎ！,Nst,2025/3/25
すまたん / ミヤネ屋,１st,2025/3/26
うさかめ,３st,2025/3/26
ｔｅｎ！,Nst,2025/3/26
Ｂリーグ,R-2,2025/3/26
NT,ENG,2025/3/26
すまたん / ミヤネ屋,１st,2025/3/27
ｔｅｎ！,Nst,2025/3/27
ten中継 / NT,その他,2025/3/27
すまたん / ミヤネ屋,１st,2025/3/28
ｔｅｎ！,Nst,2025/3/28
Ｃ－Ｔ,R-1,2025/3/28
Ｃ－Ｔ,R-2,2025/3/28
広島,ENG,2025/3/28
あさパラ / 2HSP,１st,2025/3/29
ウェーク,３st,2025/3/29
G.Night,R-1,2025/3/29
Ｃ－Ｔ,R-1,2025/3/30
地球便 / ytv本社,ENG,2025/3/30
すまたん / ミヤネ屋,１st,2025/4/1
入社式,２st,2025/4/1
ｔｅｎ！,Nst,2025/4/1
Ｔ－ＤＢ,R-1,2025/4/1
京セラ,R-2,2025/4/1
すまたん / ミヤネ屋,１st,2025/4/2
ｔｅｎ！,Nst,2025/4/2
すまたん / ミヤネ屋,１st,2025/4/3
ジグザグ,３st,2025/4/3
ｔｅｎ！,Nst,2025/4/3
NT貸出,R-2,2025/4/3
ten中継 / EXP,その他,2025/4/3
すまたん / ミヤネ屋,１st,2025/4/4
委員会,３st,2025/4/4
ｔｅｎ！,Nst,2025/4/4
クギズケ,１st,2025/4/5
ジグザグ,３st,2025/4/5
Ｂリーグ,R-2,2025/4/5
NT,ENG,2025/4/5
ジグ万博 / ﾊﾞﾗｼ中継,その他,2025/4/5
Ｂリーグ,R-2,2025/4/6
NT,ENG,2025/4/6
すまたん / ミヤネ屋,１st,2025/4/7
土ダメ,３st,2025/4/7
ｔｅｎ！,Nst,2025/4/7
────,R-1,2025/4/7
すまたん / ミヤネ屋,１st,2025/4/8
ｔｅｎ！,Nst,2025/4/8
────,R-1,2025/4/8
すまたん / ミヤネ屋,１st,2025/4/9
うさかめ,３st,2025/4/9
ｔｅｎ！,Nst,2025/4/9
────,R-1,2025/4/9
すまたん / ミヤネ屋,１st,2025/4/10
ｔｅｎ！,Nst,2025/4/10
────,R-1,2025/4/10
ten中継 / NT,その他,2025/4/10
すまたん / ミヤネ屋,１st,2025/4/11
ｔｅｎ！,Nst,2025/4/11
────,R-1,2025/4/11
万博サブ,２st,2025/4/12
ジグザグ,３st,2025/4/12
────,R-1,2025/4/12
万博サブ,２st,2025/4/13
FFSAｺﾞﾙﾌ,R-1,2025/4/13
万博特番,R-2,2025/4/13
地球便 / ytv本社,ENG,2025/4/13
すまたん / ミヤネ屋,１st,2025/4/14
ｔｅｎ！,Nst,2025/4/14
────,R-1,2025/4/14
すまたん / ミヤネ屋,１st,2025/4/15
ほんわか,３st,2025/4/15
ｔｅｎ！,Nst,2025/4/15
すまたん / ミヤネ屋,１st,2025/4/16
声,２st,2025/4/16
ｔｅｎ！,Nst,2025/4/16
Ｂリーグ,R-1,2025/4/16
NT / NT貸出,R-2,2025/4/16
すまたん / ミヤネ屋,１st,2025/4/17
ｔｅｎ！,Nst,2025/4/17
NT貸出,R-2,2025/4/17
ten中継 / 東通 / NTV技術会,その他,2025/4/17
すまたん / ミヤネ屋,１st,2025/4/18
金パフェ,２st,2025/4/18
委員会,３st,2025/4/18
ｔｅｎ！,Nst,2025/4/18
Ｔ－Ｃ,R-1,2025/4/18
甲子園 / NT貸出,R-2,2025/4/18
NTV技術会,その他,2025/4/18
クギズケ,１st,2025/4/19
ジグザグ,３st,2025/4/19
Ｔ－Ｃ,R-1,2025/4/19
甲子園 / NT貸出,R-2,2025/4/19
NT貸出,R-2,2025/4/20
すまたん / ミヤネ屋,１st,2025/4/21
土ダメ,３st,2025/4/21
ｔｅｎ！,Nst,2025/4/21
すまたん / ミヤネ屋,１st,2025/4/22
ｔｅｎ！,Nst,2025/4/22
すまたん / ミヤネ屋,１st,2025/4/23
うさかめ,３st,2025/4/23
ｔｅｎ！,Nst,2025/4/23
Ｂリーグ,R-2,2025/4/23
ytv,ENG,2025/4/23
すまたん / ミヤネ屋,１st,2025/4/24
ｔｅｎ！,Nst,2025/4/24
ten中継 / NT,その他,2025/4/24
すまたん / ミヤネ屋,１st,2025/4/25
ｔｅｎ！,Nst,2025/4/25
ジグザグ,３st,2025/4/26
Ｔ－Ｇ,R-1,2025/4/26
甲子園 / Ｔ－Ｇ,R-2,2025/4/26
甲子園,ENG,2025/4/26
地球便 / ytv本社,ENG,2025/4/27
すまたん / ミヤネ屋,１st,2025/4/28
ｔｅｎ！,Nst,2025/4/28
ミヤネ屋,１st,2025/4/29
ｔｅｎ！,Nst,2025/4/29
FYCS中継,その他,2025/4/29
すまたん / ミヤネ屋,１st,2025/4/30
ｔｅｎ！,Nst,2025/4/30
NT貸出,R-2,2025/4/30
すまたん / ミヤネ屋,１st,2025/5/1
ｔｅｎ！,Nst,2025/5/1
NT貸出,R-2,2025/5/1
ten中継 / NT,その他,2025/5/1
すまたん / ミヤネ屋,１st,2025/5/2
委員会,３st,2025/5/2
ｔｅｎ！,Nst,2025/5/2
Ｔ－Ｓ,R-1,2025/5/2
甲子園,R-2,2025/5/2
クギズケ,１st,2025/5/3
ジグザグ,３st,2025/5/3
Ｂリーグ,R-2,2025/5/3
音道楽,２st,2025/5/4
Ｂリーグ,R-2,2025/5/4
音中SET,その他,2025/5/4
ミヤネ屋,１st,2025/5/5
ｔｅｎ！,Nst,2025/5/5
仮装大賞,R-1,2025/5/5
万博,R-2,2025/5/5
ミヤネ屋,１st,2025/5/6
ｔｅｎ！,Nst,2025/5/6
仮装大賞,R-1,2025/5/6
万博,R-2,2025/5/6
すまたん / ミヤネ屋,１st,2025/5/7
うさかめ / NT,３st,2025/5/7
ｔｅｎ！,Nst,2025/5/7
Ｇ－Ｔ,R-1,2025/5/7
Ｂ－Ｆ,R-2,2025/5/7
STV,ENG,2025/5/7
すまたん / ミヤネ屋,１st,2025/5/8
新入社員,３st,2025/5/8
ｔｅｎ！,Nst,2025/5/8
ten中継 / NT,その他,2025/5/8
すまたん / ミヤネ屋,１st,2025/5/9
ｔｅｎ！,Nst,2025/5/9
Ｔ－Ｄ / Ｔ－Ｄ,R-1,2025/5/9
甲子園 / K.M.C,R-2,2025/5/9
声 / 番審,ENG,2025/5/9
ジグザグ,３st,2025/5/10
K.M.C,R-2,2025/5/10
発電機,R-1,2025/5/11
点検 / K.M.C,R-2,2025/5/11
地球便 / ytv本社,ENG,2025/5/11
すまたん / ミヤネ屋,１st,2025/5/12
ｔｅｎ！,Nst,2025/5/12
発電機,R-2,2025/5/12
点検,ENG,2025/5/12
すまたん / ミヤネ屋,１st,2025/5/13
ほんわか,３st,2025/5/13
ｔｅｎ！,Nst,2025/5/13
すまたん / ミヤネ屋,１st,2025/5/14
声,２st,2025/5/14
ｔｅｎ！,Nst,2025/5/14
すまたん / ミヤネ屋,１st,2025/5/15
ｔｅｎ！,Nst,2025/5/15
ten中継 / 東通,その他,2025/5/15
すまたん / ミヤネ屋,１st,2025/5/16
委員会,３st,2025/5/16
ｔｅｎ！,Nst,2025/5/16
――,ENG,2025/5/16
クギズケ,１st,2025/5/17
ジグザグ,３st,2025/5/17
Ｔ－Ｃ / Ｔ－Ｃ,R-1,2025/5/17
甲子園,R-2,2025/5/17
――――,ENG,2025/5/17
――――,ENG,2025/5/18
すまたん / ミヤネ屋,１st,2025/5/19
土ダメ,３st,2025/5/19
ｔｅｎ！,Nst,2025/5/19
――――,ENG,2025/5/19
すまたん / ミヤネ屋,１st,2025/5/20
ｔｅｎ！,Nst,2025/5/20
地球便,ENG,2025/5/20
すまたん / ミヤネ屋,１st,2025/5/21
うさかめ / NT,３st,2025/5/21
ｔｅｎ！,Nst,2025/5/21
タヒチ,ENG,2025/5/21
すまたん / ミヤネ屋,１st,2025/5/22
ｔｅｎ！,Nst,2025/5/22
Ｔ－Ｇ / Ｔ－Ｇ,R-1,2025/5/22
甲子園 / Ｔ－Ｇ,R-2,2025/5/22
甲子園 / ――――,ENG,2025/5/22
ten中継 / NT,その他,2025/5/22
すまたん / ミヤネ屋,１st,2025/5/23
金パフェ,２st,2025/5/23
ｔｅｎ！,Nst,2025/5/23
NT貸出,R-1,2025/5/23
NT貸出,R-2,2025/5/23
――――,ENG,2025/5/23
ジグザグ,３st,2025/5/24
NT貸出,R-1,2025/5/24
――,ENG,2025/5/24
すまたん / ミヤネ屋,１st,2025/5/26
ｔｅｎ！,Nst,2025/5/26
空調点検,R-1,2025/5/26
すまたん / ミヤネ屋,１st,2025/5/27
ほんわか,３st,2025/5/27
ｔｅｎ！,Nst,2025/5/27
機器点検,R-2,2025/5/27
すまたん / ミヤネ屋,１st,2025/5/28
ytvAwards,３st,2025/5/28
ｔｅｎ！,Nst,2025/5/28
機器点検,R-1,2025/5/28
機器点検,R-2,2025/5/28
すまたん / ミヤネ屋,１st,2025/5/29
ｔｅｎ！,Nst,2025/5/29
ten中継 / EXP,その他,2025/5/29
すまたん / ミヤネ屋,１st,2025/5/30
委員会,３st,2025/5/30
ｔｅｎ！,Nst,2025/5/30
音道楽,R-1,2025/5/30
万博 / NT貸出,R-2,2025/5/30
すまたん / ミヤネ屋,１st,2025/6/2
土ダメ,３st,2025/6/2
ｔｅｎ！,Nst,2025/6/2
すまたん / ミヤネ屋,１st,2025/6/3
ｔｅｎ！,Nst,2025/6/3
すまたん / ミヤネ屋,１st,2025/6/4
うさかめ,３st,2025/6/4
ｔｅｎ！,Nst,2025/6/4
すまたん / ミヤネ屋,１st,2025/6/5
ｔｅｎ！,Nst,2025/6/5
ten中継 / NT,その他,2025/6/5
すまたん / ミヤネ屋,１st,2025/6/6
ｔｅｎ！,Nst,2025/6/6
声 / 番審,ENG,2025/6/6
ジグザグ,３st,2025/6/7
NT貸出,R-1,2025/6/7
アナコン,１st,2025/6/8
NT貸出,R-1,2025/6/8
地球便 / ytv本社,ENG,2025/6/8
10プラザ / アナコン,その他,2025/6/8
すまたん / ミヤネ屋,１st,2025/6/9
ｔｅｎ！,Nst,2025/6/9
すまたん / ミヤネ屋,１st,2025/6/10
ほんわか,３st,2025/6/10
ｔｅｎ！,Nst,2025/6/10
すまたん / ミヤネ屋,１st,2025/6/11
声,２st,2025/6/11
ｔｅｎ！,Nst,2025/6/11
NT貸出,R-2,2025/6/11
すまたん / ミヤネ屋,１st,2025/6/12
ｔｅｎ！,Nst,2025/6/12
NT貸出,R-2,2025/6/12
ten中継 / EXP,その他,2025/6/12
すまたん / ミヤネ屋,１st,2025/6/13
委員会,３st,2025/6/13
ｔｅｎ！,Nst,2025/6/13
NT貸出,R-2,2025/6/13
クギズケ,１st,2025/6/14
ジグザグ,３st,2025/6/14
NT貸出,R-2,2025/6/14
NT貸出,R-2,2025/6/15
すまたん / ミヤネ屋,１st,2025/6/16
ｔｅｎ！,Nst,2025/6/16
読響,R-1,2025/6/16
すまたん / ミヤネ屋,１st,2025/6/17
ｔｅｎ！,Nst,2025/6/17
すまたん / ミヤネ屋,１st,2025/6/18
うさかめ,３st,2025/6/18
ｔｅｎ！,Nst,2025/6/18
－－－－,R-1,2025/6/18
すまたん / ミヤネ屋,１st,2025/6/19
ｔｅｎ！,Nst,2025/6/19
－－－－,R-1,2025/6/19
ten中継 / NT,その他,2025/6/19
すまたん / ミヤネ屋,１st,2025/6/20
金パフェ,２st,2025/6/20
ｔｅｎ！,Nst,2025/6/20
Xgame,R-1,2025/6/20
ジグザグ,３st,2025/6/21
Xgame,R-1,2025/6/21
NT貸出,R-2,2025/6/21
Xgame,R-1,2025/6/22
NT貸出,R-2,2025/6/22
すまたん / ミヤネ屋,１st,2025/6/23
ｔｅｎ！,Nst,2025/6/23
すまたん / ミヤネ屋,１st,2025/6/24
ｔｅｎ！,Nst,2025/6/24
すまたん / ミヤネ屋,１st,2025/6/25
人事ｾﾐﾅｰ / 9F,２st,2025/6/25
ｔｅｎ！,Nst,2025/6/25
すまたん / ミヤネ屋,１st,2025/6/26
ｔｅｎ！,Nst,2025/6/26
ten中継 / 東通,その他,2025/6/26
すまたん / ミヤネ屋,１st,2025/6/27
委員会,３st,2025/6/27
ｔｅｎ！,Nst,2025/6/27
クギズケ,１st,2025/6/28
ジグザグ,３st,2025/6/28
すまたん / ミヤネ屋,１st,2025/6/30
土ダメ,３st,2025/6/30
ｔｅｎ！,Nst,2025/6/30
すまたん / ミヤネ屋,１st,2025/7/1
ｔｅｎ！,Nst,2025/7/1
──,その他,2025/7/1
すまたん / ミヤネ屋,１st,2025/7/2
ｔｅｎ！,Nst,2025/7/2
立命館,R-1,2025/7/2
────,その他,2025/7/2
すまたん / ミヤネ屋,１st,2025/7/3
ｔｅｎ！,Nst,2025/7/3
ten中継 / 東通 / ────,その他,2025/7/3
すまたん / ミヤネ屋,１st,2025/7/4
ｔｅｎ！,Nst,2025/7/4
────,その他,2025/7/4
ジグザグ,３st,2025/7/5
MUSICDAY / NTV幕張,その他,2025/7/5
地球便 / ytv本社,ENG,2025/7/6
――,その他,2025/7/6
すまたん / ミヤネ屋,１st,2025/7/7
ｔｅｎ！,Nst,2025/7/7
すまたん / ミヤネ屋,１st,2025/7/8
ほんわか,３st,2025/7/8
ｔｅｎ！,Nst,2025/7/8
すまたん / ミヤネ屋,１st,2025/7/9
ｔｅｎ！,Nst,2025/7/9
すまたん / ミヤネ屋,１st,2025/7/10
ｔｅｎ！,Nst,2025/7/10
ten中継 / EXP,その他,2025/7/10
すまたん / ミヤネ屋,１st,2025/7/11
委員会,３st,2025/7/11
ｔｅｎ！,Nst,2025/7/11
NTVﾗｸﾞﾋﾞｰ,R-1,2025/7/11
クギズケ,１st,2025/7/12
ジグザグ,３st,2025/7/12
NTVﾗｸﾞﾋﾞｰ,R-1,2025/7/12
すまたん / ミヤネ屋,１st,2025/7/14
ｔｅｎ！,Nst,2025/7/14
土ﾀﾞﾒ万博,ENG,2025/7/14
すまたん / ミヤネ屋,１st,2025/7/15
ｔｅｎ！,Nst,2025/7/15
すまたん / ミヤネ屋,１st,2025/7/16
声,２st,2025/7/16
うさかめ / NT,３st,2025/7/16
ｔｅｎ！,Nst,2025/7/16
すまたん / ミヤネ屋,１st,2025/7/17
ｔｅｎ！,Nst,2025/7/17
ten中継 / NT,その他,2025/7/17
すまたん / ミヤネ屋,１st,2025/7/18
金パフェ,２st,2025/7/18
ｔｅｎ！,Nst,2025/7/18
ジグザグ,３st,2025/7/19
地球便 / ytv本社,ENG,2025/7/20
ミヤネ屋,１st,2025/7/21
ｔｅｎ！,Nst,2025/7/21
すまたん / ミヤネ屋,１st,2025/7/22
ｔｅｎ！,Nst,2025/7/22
すまたん / ミヤネ屋,１st,2025/7/23
ｔｅｎ！,Nst,2025/7/23
すまたん / ミヤネ屋,１st,2025/7/24
ｔｅｎ！,Nst,2025/7/24
ten中継 / NT,その他,2025/7/24
すまたん / ミヤネ屋,１st,2025/7/25
委員会,３st,2025/7/25
ｔｅｎ！,Nst,2025/7/25
鳥人間,R-1,2025/7/25
クギズケ,１st,2025/7/26
ジグザグ,３st,2025/7/26
鳥人間,R-1,2025/7/26
鳥人間,R-1,2025/7/27
すまたん / ミヤネ屋,１st,2025/7/28
土ダメ,３st,2025/7/28
ｔｅｎ！,Nst,2025/7/28
すまたん / ミヤネ屋,１st,2025/7/29
ｔｅｎ！,Nst,2025/7/29
すまたん / ミヤネ屋,１st,2025/7/30
うさかめ,３st,2025/7/30
ｔｅｎ！,Nst,2025/7/30
NT貸出,R-2,2025/7/30
すまたん / ミヤネ屋,１st,2025/7/31
ｔｅｎ！,Nst,2025/7/31
NT貸出,R-2,2025/7/31
ten中継 / NT,その他,2025/7/31
すまたん / ミヤネ屋,１st,2025/8/1
すまたん / ミヤネ屋,１st,2025/8/1
ｔｅｎ！,Nst,2025/8/1
ｔｅｎ！,Nst,2025/8/1
音道楽,R-1,2025/8/1
音道楽,R-1,2025/8/1
LIVE,R-2,2025/8/1
LIVE,R-2,2025/8/1
ジグザグ,３st,2025/8/2
ジグザグ,３st,2025/8/2
★,その他,2025/8/2
★,その他,2025/8/2
漫才,３st,2025/8/3
漫才,３st,2025/8/3
地球便 / ytv本社,ENG,2025/8/3
地球便 / ytv本社,ENG,2025/8/3
★★,その他,2025/8/3
★★,その他,2025/8/3
すまたん / ミヤネ屋,１st,2025/8/4
すまたん / ミヤネ屋,１st,2025/8/4
ｔｅｎ！,Nst,2025/8/4
ｔｅｎ！,Nst,2025/8/4
車両会議,その他,2025/8/4
車両会議,その他,2025/8/4
すまたん / ミヤネ屋,１st,2025/8/5
すまたん / ミヤネ屋,１st,2025/8/5
ほんわか,３st,2025/8/5
ほんわか,３st,2025/8/5
ｔｅｎ！,Nst,2025/8/5
ｔｅｎ！,Nst,2025/8/5
すまたん,その他,2025/8/5
すまたん,その他,2025/8/5
すまたん / ミヤネ屋,１st,2025/8/6
すまたん / ミヤネ屋,１st,2025/8/6
ｔｅｎ！,Nst,2025/8/6
ｔｅｎ！,Nst,2025/8/6
すまたん / ミヤネ屋,１st,2025/8/7
すまたん / ミヤネ屋,１st,2025/8/7
ｔｅｎ！,Nst,2025/8/7
ｔｅｎ！,Nst,2025/8/7
ten中継 / 東通,その他,2025/8/7
ten中継 / 東通,その他,2025/8/7
すまたん / ミヤネ屋,１st,2025/8/8
すまたん / ミヤネ屋,１st,2025/8/8
委員会,３st,2025/8/8
委員会,３st,2025/8/8
ｔｅｎ！,Nst,2025/8/8
ｔｅｎ！,Nst,2025/8/8
クギズケ,１st,2025/8/9
クギズケ,１st,2025/8/9
ジグザグ,３st,2025/8/9
ジグザグ,３st,2025/8/9
★,その他,2025/8/9
★,その他,2025/8/9
★★,その他,2025/8/10
★★,その他,2025/8/10
ミヤネ屋,１st,2025/8/11
ミヤネ屋,１st,2025/8/11
ｔｅｎ！,Nst,2025/8/11
ｔｅｎ！,Nst,2025/8/11
★,その他,2025/8/11
★,その他,2025/8/11
すまたん / ミヤネ屋,１st,2025/8/12
すまたん / ミヤネ屋,１st,2025/8/12
ｔｅｎ！,Nst,2025/8/12
ｔｅｎ！,Nst,2025/8/12
年休,その他,2025/8/12
年休,その他,2025/8/12
すまたん / ミヤネ屋,１st,2025/8/13
すまたん / ミヤネ屋,１st,2025/8/13
声,２st,2025/8/13
声,２st,2025/8/13
ｔｅｎ！,Nst,2025/8/13
ｔｅｎ！,Nst,2025/8/13
年休,その他,2025/8/13
年休,その他,2025/8/13
すまたん / ミヤネ屋,１st,2025/8/14
すまたん / ミヤネ屋,１st,2025/8/14
音道楽,３st,2025/8/14
音道楽,３st,2025/8/14
ｔｅｎ！,Nst,2025/8/14
ｔｅｎ！,Nst,2025/8/14
ten中継 / NT / 年休,その他,2025/8/14
ten中継 / NT / 年休,その他,2025/8/14
すまたん / ミヤネ屋,１st,2025/8/15
すまたん / ミヤネ屋,１st,2025/8/15
音道楽,３st,2025/8/15
音道楽,３st,2025/8/15
ｔｅｎ！,Nst,2025/8/15
ｔｅｎ！,Nst,2025/8/15
年休,その他,2025/8/15
年休,その他,2025/8/15
ジグザグ,３st,2025/8/16
ジグザグ,３st,2025/8/16
★,その他,2025/8/16
★,その他,2025/8/16
地球便 / ytv本社,ENG,2025/8/17
地球便 / ytv本社,ENG,2025/8/17
★★,その他,2025/8/17
★★,その他,2025/8/17
すまたん / ミヤネ屋,１st,2025/8/18
すまたん / ミヤネ屋,１st,2025/8/18
ｔｅｎ！,Nst,2025/8/18
ｔｅｎ！,Nst,2025/8/18
すまたん / ミヤネ屋,１st,2025/8/19
すまたん / ミヤネ屋,１st,2025/8/19
ほんわか,３st,2025/8/19
ほんわか,３st,2025/8/19
ｔｅｎ！,Nst,2025/8/19
ｔｅｎ！,Nst,2025/8/19
ｶﾒﾗG会,その他,2025/8/19
ｶﾒﾗG会,その他,2025/8/19
すまたん / ミヤネ屋,１st,2025/8/20
すまたん / ミヤネ屋,１st,2025/8/20
ｔｅｎ！,Nst,2025/8/20
ｔｅｎ！,Nst,2025/8/20
すまたん / ミヤネ屋,１st,2025/8/21
すまたん / ミヤネ屋,１st,2025/8/21
ｔｅｎ！,Nst,2025/8/21
ｔｅｎ！,Nst,2025/8/21
ten中継 / NT / 技術会議,その他,2025/8/21
ten中継 / NT / 技術会議,その他,2025/8/21
すまたん / ミヤネ屋,１st,2025/8/22
すまたん / ミヤネ屋,１st,2025/8/22
金パフェ,２st,2025/8/22
金パフェ,２st,2025/8/22
ｔｅｎ！,Nst,2025/8/22
ｔｅｎ！,Nst,2025/8/22
すまたん,その他,2025/8/22
すまたん,その他,2025/8/22
クギズケ,１st,2025/8/23
クギズケ,１st,2025/8/23
ジグザグ,３st,2025/8/23
ジグザグ,３st,2025/8/23
NT貸出,R-2,2025/8/23
NT貸出,R-2,2025/8/23
★,その他,2025/8/23
★,その他,2025/8/23
NT貸出,R-2,2025/8/24
NT貸出,R-2,2025/8/24
★★,その他,2025/8/24
★★,その他,2025/8/24
すまたん / ミヤネ屋,１st,2025/8/25
すまたん / ミヤネ屋,１st,2025/8/25
ｔｅｎ！,Nst,2025/8/25
ｔｅｎ！,Nst,2025/8/25
すまたん / ミヤネ屋,１st,2025/8/26
すまたん / ミヤネ屋,１st,2025/8/26
ｔｅｎ！,Nst,2025/8/26
ｔｅｎ！,Nst,2025/8/26
音声G会,その他,2025/8/26
音声G会,その他,2025/8/26
すまたん / ミヤネ屋,１st,2025/8/27
すまたん / ミヤネ屋,１st,2025/8/27
うさかめ,３st,2025/8/27
うさかめ,３st,2025/8/27
ｔｅｎ！,Nst,2025/8/27
ｔｅｎ！,Nst,2025/8/27
―――,その他,2025/8/27
―――,その他,2025/8/27
すまたん / ミヤネ屋,１st,2025/8/28
すまたん / ミヤネ屋,１st,2025/8/28
ｔｅｎ！,Nst,2025/8/28
ｔｅｎ！,Nst,2025/8/28
ten中継 / EXP / ―――― / ＲＤ,その他,2025/8/28
ten中継 / EXP / ―――― / ＲＤ,その他,2025/8/28
すまたん / ミヤネ屋,１st,2025/8/29
すまたん / ミヤネ屋,１st,2025/8/29
ｔｅｎ！,Nst,2025/8/29
ｔｅｎ！,Nst,2025/8/29
Ｔ－Ｇ,R-1,2025/8/29
Ｔ－Ｇ,R-1,2025/8/29
甲子園 / Ｔ－Ｇ,R-2,2025/8/29
甲子園 / Ｔ－Ｇ,R-2,2025/8/29
甲子園,ENG,2025/8/29
甲子園,ENG,2025/8/29
―――― / すまたん,その他,2025/8/29
―――― / すまたん,その他,2025/8/29
24時間,１st,2025/8/30
24時間,１st,2025/8/30
24時間,２st,2025/8/30
24時間,２st,2025/8/30
ジグザグ,３st,2025/8/30
ジグザグ,３st,2025/8/30
―――― / ★,その他,2025/8/30
―――― / ★,その他,2025/8/30
24時間,１st,2025/8/31
24時間,１st,2025/8/31
24時間,２st,2025/8/31
24時間,２st,2025/8/31
NTV応援 / 24H長野 / ★★,その他,2025/8/31
NTV応援 / 24H長野 / ★★,その他,2025/8/31
すまたん / ミヤネ屋,１st,2025/9/1
ｔｅｎ！,Nst,2025/9/1
車両会議,その他,2025/9/1
すまたん / ミヤネ屋,１st,2025/9/2
ほんわか,３st,2025/9/2
ｔｅｎ！,Nst,2025/9/2
Ｇ－Ｓ,R-1,2025/9/2
京セラ,R-2,2025/9/2
すまたん,その他,2025/9/2
すまたん / ミヤネ屋,１st,2025/9/3
ｔｅｎ！,Nst,2025/9/3
Ｇ－Ｓ,R-1,2025/9/3
京セラ,R-2,2025/9/3
すまたん / ミヤネ屋,１st,2025/9/4
ｔｅｎ！,Nst,2025/9/4
ten中継 / 東通 / FYCS,その他,2025/9/4
すまたん / ミヤネ屋,１st,2025/9/5
委員会,３st,2025/9/5
ｔｅｎ！,Nst,2025/9/5
★,その他,2025/9/5
クギズケ,１st,2025/9/6
ジグザグ,３st,2025/9/6
★,その他,2025/9/6
NT貸出,R-1,2025/9/7
★★,その他,2025/9/7
すまたん / ミヤネ屋,１st,2025/9/8
土ダメ,２st,2025/9/8
ｔｅｎ！,Nst,2025/9/8
すまたん / ミヤネ屋,１st,2025/9/9
技術 / ｲﾝﾀｰﾝ,２st,2025/9/9
ｔｅｎ！,Nst,2025/9/9
すまたん / ミヤネ屋,１st,2025/9/10
うさかめ,３st,2025/9/10
ｔｅｎ！,Nst,2025/9/10
VEG,その他,2025/9/10
すまたん / ミヤネ屋,１st,2025/9/11
ｔｅｎ！,Nst,2025/9/11
ten中継 / NT / ヘリ会議,その他,2025/9/11
すまたん / ミヤネ屋,１st,2025/9/12
ｔｅｎ！,Nst,2025/9/12
声 / 番審,ENG,2025/9/12
ＲＤ,その他,2025/9/12
ジグザグ,３st,2025/9/13
Ｇ－Ｔ,R-1,2025/9/13
★★,その他,2025/9/13
東京制作,２st,2025/9/14
FBS応援,R-1,2025/9/14
Ｂ－Ｈ,R-2,2025/9/14
舞鶴運搬 / 地球便 / ytv本社,ENG,2025/9/14
舞鶴運搬,その他,2025/9/14
ミヤネ屋,１st,2025/9/15
ｔｅｎ！,Nst,2025/9/15
祝日 / ★,その他,2025/9/15
すまたん / ミヤネ屋,１st,2025/9/16
ほんわか,３st,2025/9/16
ｔｅｎ！,Nst,2025/9/16
ﾁｪｯｸ / ――,R-1,2025/9/16
―――――――――――――――――,R-2,2025/9/16
すまたん / ミヤネ屋,１st,2025/9/17
野球サブ / Ｃ－Ｔ,２st,2025/9/17
ｔｅｎ！,Nst,2025/9/17
万博収録 / Ｃ－Ｔ,R-1,2025/9/17
Ｃ－Ｔ / ﾏｼﾞｯｸ / 点灯のみ / すまたん,その他,2025/9/17
すまたん / ミヤネ屋,１st,2025/9/18
ｔｅｎ！,Nst,2025/9/18
――,R-1,2025/9/18
STV応援,R-2,2025/9/18
ten中継 / NT,その他,2025/9/18
すまたん / ミヤネ屋,１st,2025/9/19
委員会,３st,2025/9/19
ｔｅｎ！,Nst,2025/9/19
ANAｵｰﾌﾟﾝ,R-2,2025/9/19
ＤＸ推進,その他,2025/9/19
クギズケ,１st,2025/9/20
ジグザグ,３st,2025/9/20
★,その他,2025/9/20
もんく,３st,2025/9/21
――――――――――――,R-2,2025/9/21
★★,その他,2025/9/21
すまたん / ミヤネ屋,１st,2025/9/22
土ダメ,３st,2025/9/22
ｔｅｎ！,Nst,2025/9/22
舞鶴運搬,ENG,2025/9/22
ミヤネ屋,１st,2025/9/23
ｔｅｎ！,Nst,2025/9/23
BH事前PG / 祝日 / ★,その他,2025/9/23
すまたん / ミヤネ屋,１st,2025/9/24
人事研修 / ｽﾀｼﾞｵのみ,２st,2025/9/24
うさかめ,３st,2025/9/24
ｔｅｎ！,Nst,2025/9/24
――――――――――――,その他,2025/9/24
すまたん / ミヤネ屋,１st,2025/9/25
ｔｅｎ！,Nst,2025/9/25
ten中継 / EXP / 技術会議,その他,2025/9/25
すまたん / ミヤネ屋,１st,2025/9/26
金パフェ,２st,2025/9/26
ｔｅｎ！,Nst,2025/9/26
MMT応援 / すまたん,その他,2025/9/26
ジグザグ,３st,2025/9/27
ゴルフ / ★,その他,2025/9/27
地球便 / ytv本社,ENG,2025/9/28
――――――― / ★★,その他,2025/9/28
すまたん / ミヤネ屋,１st,2025/9/29
ｔｅｎ！,Nst,2025/9/29
音回G会,その他,2025/9/29
すまたん / ミヤネ屋,１st,2025/9/30
ほんわか,３st,2025/9/30
ｔｅｎ！,Nst,2025/9/30
ミヤネ屋,１st,2025/10/1
ＺＩＰ！,Nst,2025/10/1
NTV応援,R-2,2025/10/1
zero万博,ENG,2025/10/1
ミヤネ屋,１st,2025/10/2
ＺＩＰ！,Nst,2025/10/2
ten中継 / NT / ＺＩＰ！,その他,2025/10/2
ミヤネ屋,１st,2025/10/3
委員会,３st,2025/10/3
ＺＩＰ！,Nst,2025/10/3
クギズケ,１st,2025/10/4
ジグザグ,３st,2025/10/4
NT,R-1,2025/10/4
貸出 / Ｂリーグ,R-2,2025/10/4
★,その他,2025/10/4
NT,R-1,2025/10/5
貸出 / Ｂリーグ,R-2,2025/10/5
★★,その他,2025/10/5
ミヤネ屋,１st,2025/10/6
土ダメ,３st,2025/10/6
ＺＩＰ！,Nst,2025/10/6
ＲＤ,その他,2025/10/6
ミヤネ屋,１st,2025/10/7
ＺＩＰ！,Nst,2025/10/7
ミヤネ屋,１st,2025/10/8
うさかめ / NT,３st,2025/10/8
ＺＩＰ！,Nst,2025/10/8
万博ﾗｼﾞｵ / 報道局 / ★,その他,2025/10/8
ミヤネ屋,１st,2025/10/9
ＺＩＰ！,Nst,2025/10/9
NTV応援,R-1,2025/10/9
ｻｯｶｰ,R-2,2025/10/9
ten中継 / 東通,その他,2025/10/9
ミヤネ屋,１st,2025/10/10
吉田粗品,２st,2025/10/10
ＺＩＰ！,Nst,2025/10/10
NTV応援,R-1,2025/10/10
ｻｯｶｰ,R-2,2025/10/10
声 / 番審,ENG,2025/10/10
ＺＩＰ！,その他,2025/10/10
ジグザグ,３st,2025/10/11
ＣＳ特番 / ★,その他,2025/10/11
漫才,３st,2025/10/12
地球便 / ytv本社,ENG,2025/10/12
★★,その他,2025/10/12
ミヤネ屋,１st,2025/10/13
万博ﾗｼﾞｵ / 報道局 / 祝日 / ★,その他,2025/10/13
ミヤネ屋,１st,2025/10/14
ほんわか,３st,2025/10/14
ＺＩＰ！,Nst,2025/10/14
ミヤネ屋,１st,2025/10/15
声,２st,2025/10/15
ＺＩＰ！,Nst,2025/10/15
ミヤネ屋,１st,2025/10/16
ＺＩＰ！,Nst,2025/10/16
ten中継 / NT,その他,2025/10/16
ミヤネ屋,１st,2025/10/17
委員会,３st,2025/10/17
ＺＩＰ！,Nst,2025/10/17
NT,R-2,2025/10/17
貸出,ENG,2025/10/17
クギズケ,１st,2025/10/18
ジグザグ,３st,2025/10/18
ＣＳ / ＣＳ,R-1,2025/10/18
第４戦 / NT,R-2,2025/10/18
貸出,ENG,2025/10/18
★,その他,2025/10/18
★★,その他,2025/10/19
ミヤネ屋,１st,2025/10/20
ノビしろ,２st,2025/10/20
土ダメ,３st,2025/10/20
ＺＩＰ！,Nst,2025/10/20
ＣＳ / ＣＳ,R-1,2025/10/20
第６戦,R-2,2025/10/20
━,その他,2025/10/20
ミヤネ屋,１st,2025/10/21
ＺＩＰ！,Nst,2025/10/21
予備 / ＣＳ,R-1,2025/10/21
予備,R-2,2025/10/21
BH / 事前収録 / PG / ━,その他,2025/10/21
ミヤネ屋,１st,2025/10/22
うさかめ / NT,３st,2025/10/22
ＺＩＰ！,Nst,2025/10/22
予備 / ＣＳ,R-1,2025/10/22
予備,R-2,2025/10/22
ミヤネ屋,１st,2025/10/23
ＺＩＰ！,Nst,2025/10/23
ten中継 / EXP / 技術会議,その他,2025/10/23
ミヤネ屋,１st,2025/10/24
ＺＩＰ！,Nst,2025/10/24
ジグザグ,３st,2025/10/25
Ｂリーグ,R-2,2025/10/25
NT,ENG,2025/10/25
★,その他,2025/10/25
Ｂリーグ,R-2,2025/10/26
NT / 地球便 / ytv本社,ENG,2025/10/26
★★,その他,2025/10/26
ミヤネ屋,１st,2025/10/27
ＺＩＰ！,Nst,2025/10/27
ｶﾒﾗG会,その他,2025/10/27
ミヤネ屋,１st,2025/10/28
ほんわか,３st,2025/10/28
ＺＩＰ！,Nst,2025/10/28
音声G会,その他,2025/10/28
ミヤネ屋,１st,2025/10/29
ＺＩＰ！,Nst,2025/10/29
日本ｼﾘｰｽﾞ / 日本ｼﾘｰｽﾞ,R-1,2025/10/29
Ｂリーグ,R-2,2025/10/29
NT,ENG,2025/10/29
ミヤネ屋,１st,2025/10/30
ＺＩＰ！,Nst,2025/10/30
予備 / 日本ｼﾘｰｽﾞ,R-1,2025/10/30
予備,R-2,2025/10/30
ten中継 / EXP,その他,2025/10/30
ミヤネ屋,１st,2025/10/31
委員会,３st,2025/10/31
ＺＩＰ！,Nst,2025/10/31
予備 / 日本ｼﾘｰｽﾞ,R-1,2025/10/31
予備,R-2,2025/10/31
クギズケ,１st,2025/11/1
ジグザグ,３st,2025/11/1
祝勝会ｻﾌﾞ / 高校ｻｯｶｰ,R-1,2025/11/1
Ｂリーグ,R-2,2025/11/1
NT,ENG,2025/11/1
★,その他,2025/11/1
祝勝会ｻﾌﾞ,R-1,2025/11/2
Ｂリーグ,R-2,2025/11/2
NT,ENG,2025/11/2
★★,その他,2025/11/2
ミヤネ屋,１st,2025/11/3
ノビしろ,２st,2025/11/3
アナコン,３st,2025/11/3
祝日 / ★,その他,2025/11/3
ミヤネ屋,１st,2025/11/4
ＺＩＰ！,Nst,2025/11/4
車両会議,その他,2025/11/4
ミヤネ屋,１st,2025/11/5
うさかめ / NT,３st,2025/11/5
ＺＩＰ！,Nst,2025/11/5
ミヤネ屋,１st,2025/11/6
ＺＩＰ！,Nst,2025/11/6
ten中継 / NT,その他,2025/11/6
ミヤネ屋,１st,2025/11/7
ＺＩＰ！,Nst,2025/11/7
ＲＤ,その他,2025/11/7
ジグザグ,３st,2025/11/8
BCP訓練 / ★★,その他,2025/11/8
地球便 / ytv本社,ENG,2025/11/9
BCP訓練,その他,2025/11/9
ミヤネ屋,１st,2025/11/10
ＺＩＰ！,Nst,2025/11/10
ミヤネ屋,１st,2025/11/11
ＺＩＰ！,Nst,2025/11/11
ＢＨ,R-1,2025/11/11
ミヤネ屋,１st,2025/11/12
ＺＩＰ！,Nst,2025/11/12
ＢＨ,R-1,2025/11/12
Ｂリーグ,R-2,2025/11/12
NT,ENG,2025/11/12
★,その他,2025/11/12
ミヤネ屋,１st,2025/11/13
ＺＩＰ！,Nst,2025/11/13
ＢＨ,R-1,2025/11/13
━,その他,2025/11/13
ミヤネ屋,１st,2025/11/14
吉田粗品,２st,2025/11/14
委員会,３st,2025/11/14
ＺＩＰ！,Nst,2025/11/14
丹後駅伝 / ━,その他,2025/11/14
クギズケ,１st,2025/11/15
ジグザグ,３st,2025/11/15
丹後駅伝 / ★,その他,2025/11/15
ｴﾘｴｰﾙ,R-2,2025/11/16
準備,ENG,2025/11/16
★★,その他,2025/11/16
ミヤネ屋,１st,2025/11/17
土ダメ,３st,2025/11/17
ＺＩＰ！,Nst,2025/11/17
室内楽,R-1,2025/11/17
ＲＤ,その他,2025/11/17
ミヤネ屋,１st,2025/11/18
ＺＩＰ！,Nst,2025/11/18
技術会議,その他,2025/11/18
ミヤネ屋,１st,2025/11/19
声,２st,2025/11/19
うさかめ,３st,2025/11/19
ＺＩＰ！,Nst,2025/11/19
ｴﾘｴｰﾙ,R-2,2025/11/19
準備,ENG,2025/11/19
人事配信 / 10Plaza / InterBEE,その他,2025/11/19
ミヤネ屋,１st,2025/11/20
ＺＩＰ！,Nst,2025/11/20
――,R-2,2025/11/20
ten中継 / EXP / InterBEE / ＲＤ,その他,2025/11/20
ミヤネ屋,１st,2025/11/21
ＺＩＰ！,Nst,2025/11/21
NT貸出,R-2,2025/11/21
InterBEE / ＺＩＰ！,その他,2025/11/21
ジグザグ,３st,2025/11/22
NT貸出,R-1,2025/11/22
PG / ｴﾘｴｰﾙ,R-2,2025/11/22
ｺﾞﾙﾌ,ENG,2025/11/22
★,その他,2025/11/22
NT貸出,R-1,2025/11/23
PG / ――,R-2,2025/11/23
地球便 / 社外+ytv,ENG,2025/11/23
★★,その他,2025/11/23
ミヤネ屋,１st,2025/11/24
上沼特番 / ytv社内,ENG,2025/11/24
祝日 / ★,その他,2025/11/24
ミヤネ屋,１st,2025/11/25
ほんわか,３st,2025/11/25
ＺＩＰ！,Nst,2025/11/25
ﾀｯﾁﾀﾞｳﾝ / 10st,ENG,2025/11/25
ミヤネ屋,１st,2025/11/26
ＺＩＰ！,Nst,2025/11/26
――,R-1,2025/11/26
上沼特番 / ytv社内,ENG,2025/11/26
ｺﾝﾃﾝﾂ,その他,2025/11/26
ミヤネ屋,１st,2025/11/27
ＺＩＰ！,Nst,2025/11/27
NTV応援,R-1,2025/11/27
ten中継 / 東通 / 中部会議,その他,2025/11/27
ミヤネ屋,１st,2025/11/28
委員会,３st,2025/11/28
ＺＩＰ！,Nst,2025/11/28
ＦＩＢＡ,R-1,2025/11/28
中部会議,その他,2025/11/28
クギズケ,１st,2025/11/29
ジグザグ,３st,2025/11/29
★,その他,2025/11/29
ﾋﾞﾙﾎﾞｰﾄﾞ,ENG,2025/11/30
★★,その他,2025/11/30
ミヤネ屋,１st,2025/12/1
土ダメ,３st,2025/12/1
ＺＩＰ！,Nst,2025/12/1
ten中継 / EXP / 紅葉中継 / ミヤネ屋,その他,2025/12/1
ミヤネ屋,１st,2025/12/2
ＺＩＰ！,Nst,2025/12/2
ﾀｯﾁﾀﾞｳﾝ / SORA,ENG,2025/12/2
ten中継 / NT / 紅葉中継,その他,2025/12/2
ミヤネ屋,１st,2025/12/3
うさかめ,３st,2025/12/3
ＺＩＰ！,Nst,2025/12/3
漫才 / 手見せ,ENG,2025/12/3
ten中継 / NT / 紅葉中継 / ★,その他,2025/12/3
ミヤネ屋,１st,2025/12/4
ＺＩＰ！,Nst,2025/12/4
──,R-2,2025/12/4
ten中継 / 東通 / 紅葉中継 / 基幹5局,その他,2025/12/4
ミヤネ屋,１st,2025/12/5
吉田粗品,２st,2025/12/5
ＺＩＰ！,Nst,2025/12/5
────,R-2,2025/12/5
基幹5局,その他,2025/12/5
ジグザグ,３st,2025/12/6
Bリーグ,R-1,2025/12/6
NT / 防府ﾏﾗｿﾝ,R-2,2025/12/6
KRY応援,ENG,2025/12/6
── / ★★,その他,2025/12/6
Bリーグ,R-1,2025/12/7
NT / ────,R-2,2025/12/7
上沼ｻﾝﾄﾞ / TMC A1 / ━,その他,2025/12/7
ミヤネ屋,１st,2025/12/8
ノビしろ,２st,2025/12/8
ＺＩＰ！,Nst,2025/12/8
超ULTRA,R-1,2025/12/8
──,R-2,2025/12/8
━,その他,2025/12/8
ミヤネ屋,１st,2025/12/9
ほんわか,３st,2025/12/9
ＺＩＰ！,Nst,2025/12/9
ミヤネ屋,１st,2025/12/10
ＺＩＰ！,Nst,2025/12/10
Bリーグ,R-2,2025/12/10
NT,ENG,2025/12/10
ｿﾌﾄﾊﾞﾝｸ,その他,2025/12/10
ミヤネ屋,１st,2025/12/11
ＺＩＰ！,Nst,2025/12/11
ten中継 / NT / ＲＤ,その他,2025/12/11
ミヤネ屋,１st,2025/12/12
委員会,３st,2025/12/12
ＺＩＰ！,Nst,2025/12/12
甲子園BL,R-1,2025/12/12
声 / 番審,ENG,2025/12/12
── / 甲子園BL,その他,2025/12/12
クギズケ,１st,2025/12/13
ジグザグ,３st,2025/12/13
地震訓練,Nst,2025/12/13
甲子園BL,R-1,2025/12/13
──── / 甲子園BL,その他,2025/12/13
甲子園BL,R-1,2025/12/14
中学駅伝 / NTV応援 / 甲子園BL,その他,2025/12/14
ミヤネ屋,１st,2025/12/15
紅梅亭,３st,2025/12/15
ＺＩＰ！,Nst,2025/12/15
ミヤネ屋,１st,2025/12/16
ＺＩＰ！,Nst,2025/12/16
ﾀｯﾁﾀﾞｳﾝ,ENG,2025/12/16
ミヤネ屋,１st,2025/12/17
声,２st,2025/12/17
うさかめ,３st,2025/12/17
ＺＩＰ！,Nst,2025/12/17
★★,その他,2025/12/17
ミヤネ屋,１st,2025/12/18
ＺＩＰ！,Nst,2025/12/18
ten中継 / EXP,その他,2025/12/18
ミヤネ屋,１st,2025/12/19
ＺＩＰ！,Nst,2025/12/19
DX推進,その他,2025/12/19
ジグザグ,３st,2025/12/20
Bリーグ,R-2,2025/12/20
★,その他,2025/12/20
Bリーグ,R-2,2025/12/21
地球便 / ytv本社,ENG,2025/12/21
★★,その他,2025/12/21
ミヤネ屋,１st,2025/12/22
ＺＩＰ！,Nst,2025/12/22
しんご芽 / 東京収録,ENG,2025/12/22
ミヤネ屋,１st,2025/12/23
ほんわか,３st,2025/12/23
ＺＩＰ！,Nst,2025/12/23
ミヤネ屋,１st,2025/12/24
ＺＩＰ！,Nst,2025/12/24
技術会議,その他,2025/12/24
ミヤネ屋,１st,2025/12/25
ＺＩＰ！,Nst,2025/12/25
ten中継 / NT / 送出G会,その他,2025/12/25
ミヤネ屋,１st,2025/12/26
ＺＩＰ！,Nst,2025/12/26
NTV応援,R-1,2025/12/26
PG,R-2,2025/12/26
仕事納め / ＺＩＰ！,その他,2025/12/26
ジグザグ,３st,2025/12/27
NTV応援,R-1,2025/12/27
PG,R-2,2025/12/27
★,その他,2025/12/27
NTV応援,R-1,2025/12/28
PG,R-2,2025/12/28
★★,その他,2025/12/28
NTV応援,R-1,2025/12/29
PG,R-2,2025/12/29
── / ★,その他,2025/12/29
NTV応援,R-1,2025/12/30
PG,R-2,2025/12/30
箱根駅伝 / ★,その他,2025/12/30
──── / ～1/4 / ★,その他,2025/12/31
Bリーグ,R-1,2026/1/3
Bリーグ,R-1,2026/1/4
ＺＩＰ！,Nst,2026/1/5
仕事始め,その他,2026/1/5
ＺＩＰ！,Nst,2026/1/6
ＺＩＰ！,Nst,2026/1/7
ＺＩＰ！,Nst,2026/1/8
ten中継 / NT,その他,2026/1/8
委員会,３st,2026/1/9
ＺＩＰ！,Nst,2026/1/9
福男神事,その他,2026/1/10
祝日,その他,2026/1/12
ＺＩＰ！,Nst,2026/1/13
声,２st,2026/1/14
ＺＩＰ！,Nst,2026/1/14
ＺＩＰ！,Nst,2026/1/15
ten中継 / 関西東通,その他,2026/1/15
吉田粗品,２st,2026/1/16
ZIP入中 / PG,３st,2026/1/16
ＺＩＰ！,Nst,2026/1/16
ジグザグ,３st,2026/1/17
震災特番,その他,2026/1/17
漫才,３st,2026/1/18
地球便 / ytv本社,ENG,2026/1/18
ノビしろ,２st,2026/1/19
ＺＩＰ！,Nst,2026/1/19
ほんわか,３st,2026/1/20
ＺＩＰ！,Nst,2026/1/20
しんご芽 / 東京,ENG,2026/1/20
ＺＩＰ！,Nst,2026/1/21
ＺＩＰ！,Nst,2026/1/22
ten中継 / EXP,その他,2026/1/22
委員会,３st,2026/1/23
ＺＩＰ！,Nst,2026/1/23
ジグザグ,３st,2026/1/24
Bリーグ,R-2,2026/1/24
Bリーグ,R-2,2026/1/25
土ダメ,３st,2026/1/26
ＺＩＰ！,Nst,2026/1/26
ＺＩＰ！,Nst,2026/1/27
うさかめ,３st,2026/1/28
ＺＩＰ！,Nst,2026/1/28
Bリーグ,R-2,2026/1/28
NT,ENG,2026/1/28
FYCS特番 / 天王洲st,その他,2026/1/28
SVリーグ,R-2,2026/2/1
地球便,ENG,2026/2/1
SVリーグ / SNG2,その他,2026/2/1
ミヤネ屋,１st,2026/2/2
ＺＩＰ！,Nst,2026/2/2
ミヤネ屋,１st,2026/2/3
ほんわか,３st,2026/2/3
ＺＩＰ！,Nst,2026/2/3
ミヤネ屋,１st,2026/2/4
ＺＩＰ！,Nst,2026/2/4
ミヤネ屋,１st,2026/2/5
ＺＩＰ！,Nst,2026/2/5
ten中継 / NT,その他,2026/2/5
ミヤネ屋,１st,2026/2/6
委員会,３st,2026/2/6
ＺＩＰ！,Nst,2026/2/6
クギズケ,１st,2026/2/7
ジグザグ,３st,2026/2/7
選挙,Nst,2026/2/7
選挙,Nst,2026/2/8
ミヤネ屋,１st,2026/2/9
土ダメ,３st,2026/2/9
ＺＩＰ！,Nst,2026/2/9
ミヤネ屋,１st,2026/2/10
ＺＩＰ！,Nst,2026/2/10
ミヤネ屋,１st,2026/2/11
うさかめ,３st,2026/2/11
祝日,その他,2026/2/11
ミヤネ屋,１st,2026/2/12
ＺＩＰ！,Nst,2026/2/12
しんご芽,ENG,2026/2/12
ten中継 / 東通,その他,2026/2/12
ミヤネ屋,１st,2026/2/13
ＺＩＰ！,Nst,2026/2/13
声 / 番審,ENG,2026/2/13
ﾌｰｽｰ特番 / PG,２st,2026/2/14
ジグザグ,３st,2026/2/14
Bリーグ,R-2,2026/2/14
NT,ENG,2026/2/14
Bリーグ,R-2,2026/2/15
NT / 地球便,ENG,2026/2/15
ミヤネ屋,１st,2026/2/16
ノビしろ,２st,2026/2/16
音道楽,３st,2026/2/16
ＺＩＰ！,Nst,2026/2/16
ﾌｰｽｰ特番 / PG,ENG,2026/2/16
SNG点検,その他,2026/2/16
ミヤネ屋,１st,2026/2/17
ＺＩＰ！,Nst,2026/2/17
NT貸出,R-2,2026/2/17
SNG点検,その他,2026/2/17
ミヤネ屋,１st,2026/2/18
声,２st,2026/2/18
ＺＩＰ！,Nst,2026/2/18
NT貸出,R-2,2026/2/18
SNG点検,その他,2026/2/18
ミヤネ屋,１st,2026/2/19
ＺＩＰ！,Nst,2026/2/19
NT貸出,R-2,2026/2/19
ten中継 / EXP,その他,2026/2/19
ミヤネ屋,１st,2026/2/20
委員会,３st,2026/2/20
ＺＩＰ！,Nst,2026/2/20
NT貸出,R-2,2026/2/20
クギズケ,１st,2026/2/21
ジグザグ,３st,2026/2/21
NT貸出,R-2,2026/2/21
NT貸出,R-2,2026/2/22
ミヤネ屋,１st,2026/2/23
土ダメ,３st,2026/2/23
祝日,その他,2026/2/23
ミヤネ屋,１st,2026/2/24
もんく,３st,2026/2/24
ＺＩＰ！,Nst,2026/2/24
ミヤネ屋,１st,2026/2/25
うさかめ,３st,2026/2/25
ＺＩＰ！,Nst,2026/2/25
ミヤネ屋,１st,2026/2/26
ＺＩＰ！,Nst,2026/2/26
ten中継 / NT,その他,2026/2/26
ミヤネ屋,１st,2026/2/27
ＺＩＰ！,Nst,2026/2/27
ジグザグ,３st,2026/2/28
漫才,１st,2026/3/1
地球便,ENG,2026/3/1
ミヤネ屋,１st,2026/3/2
ＺＩＰ！,Nst,2026/3/2
ミヤネ屋,１st,2026/3/3
ほんわか,３st,2026/3/3
ＺＩＰ！,Nst,2026/3/3
ミヤネ屋,１st,2026/3/4
ＺＩＰ！,Nst,2026/3/4
ミヤネ屋,１st,2026/3/5
ＺＩＰ！,Nst,2026/3/5
ten中継 / NT,その他,2026/3/5
ミヤネ屋,１st,2026/3/6
委員会,３st,2026/3/6
ＺＩＰ！,Nst,2026/3/6
クギズケ,１st,2026/3/7
ジグザグ,３st,2026/3/7
Ｂリーグ,R-1,2026/3/7
Ｂリーグ,R-1,2026/3/8
ミヤネ屋,１st,2026/3/9
土ダメ,３st,2026/3/9
ＺＩＰ！,Nst,2026/3/9
ミヤネ屋,１st,2026/3/10
紅梅亭,２st,2026/3/10
ＺＩＰ！,Nst,2026/3/10
ミヤネ屋,１st,2026/3/11
うさかめ / NT,３st,2026/3/11
ＺＩＰ！,Nst,2026/3/11
ミヤネ屋,１st,2026/3/12
ＺＩＰ！,Nst,2026/3/12
ten中継 / 東通,その他,2026/3/12
ミヤネ屋,１st,2026/3/13
吉田粗品,２st,2026/3/13
ＺＩＰ！,Nst,2026/3/13
────,R-1,2026/3/13
ジグザグ,３st,2026/3/14
10Vision,R-1,2026/3/14
Ｂリーグ,R-2,2026/3/14
NT,ENG,2026/3/14
Ｂリーグ,R-2,2026/3/15
NT,ENG,2026/3/15
ミヤネ屋,１st,2026/3/16
ノビしろ,２st,2026/3/16
ＺＩＰ！,Nst,2026/3/16
ミヤネ屋,１st,2026/3/17
ほんわか,３st,2026/3/17
ＺＩＰ！,Nst,2026/3/17
ミヤネ屋,１st,2026/3/18
声,２st,2026/3/18
ＺＩＰ！,Nst,2026/3/18
ミヤネ屋,１st,2026/3/19
紅梅亭,３st,2026/3/19
ＺＩＰ！,Nst,2026/3/19
ten中継 / NT,その他,2026/3/19
ミヤネ屋,１st,2026/3/20
委員会,３st,2026/3/20
クギズケ,１st,2026/3/21
ジグザグ,３st,2026/3/21
ミヤネ屋,１st,2026/3/23
ＺＩＰ！,Nst,2026/3/23
ミヤネ屋,１st,2026/3/24
ＺＩＰ！,Nst,2026/3/24
ミヤネ屋,１st,2026/3/25
うさかめ,３st,2026/3/25
ＺＩＰ！,Nst,2026/3/25
FYCS合同 / 技術,その他,2026/3/25
ミヤネ屋,１st,2026/3/26
ＺＩＰ！,Nst,2026/3/26
しんご芽 / 東京,ENG,2026/3/26
ten中継 / EXP,その他,2026/3/26
ミヤネ屋,１st,2026/3/27
ＺＩＰ！,Nst,2026/3/27
MMT応援,R-1,2026/3/27
────,R-2,2026/3/27
ジグザグ,３st,2026/3/28
Ｇ－Ｔ / Ｂ－Ｅ,R-1,2026/3/28
京セラ,R-2,2026/3/28
Ｇ－Ｔ,R-1,2026/3/29
────,R-2,2026/3/29
地球便 / 東京支社,ENG,2026/3/29
じゅっと / ミヤネ屋,１st,2026/3/30
ｔｅｎ！,Nst,2026/3/30
じゅっと / ミヤネ屋,１st,2026/4/1
入社式,２st,2026/4/1
ｔｅｎ！,Nst,2026/4/1
Bリーグ,R-2,2026/4/1
じゅっと / ミヤネ屋,１st,2026/4/2
ｔｅｎ！,Nst,2026/4/2
ten中継 / NT,その他,2026/4/2
じゅっと / ミヤネ屋,１st,2026/4/3
委員会,３st,2026/4/3
ｔｅｎ！,Nst,2026/4/3
クギズケ,１st,2026/4/4
ジグザグ,３st,2026/4/4
もんく,２st,2026/4/5
じゅっと / ミヤネ屋,１st,2026/4/6
ｔｅｎ！,Nst,2026/4/6
────,R-1,2026/4/6
じゅっと / ミヤネ屋,１st,2026/4/7
ｔｅｎ！,Nst,2026/4/7
────,R-1,2026/4/7
じゅっと / ミヤネ屋,１st,2026/4/8
うさかめ / NT,３st,2026/4/8
ｔｅｎ！,Nst,2026/4/8
────,R-1,2026/4/8
じゅっと / ミヤネ屋,１st,2026/4/9
ｔｅｎ！,Nst,2026/4/9
────,R-1,2026/4/9
ten中継 / NT,その他,2026/4/9
じゅっと / ミヤネ屋,１st,2026/4/10
吉田粗品,２st,2026/4/10
ｔｅｎ！,Nst,2026/4/10
────,R-1,2026/4/10
声 / 番審,ENG,2026/4/10
ジグザグ,３st,2026/4/11
────,R-1,2026/4/11
Bリーグ,R-2,2026/4/11
NT,ENG,2026/4/11
FFSAｺﾞﾙﾌ,R-1,2026/4/12
Bリーグ,R-2,2026/4/12
NT / 地球便,ENG,2026/4/12
じゅっと / ミヤネ屋,１st,2026/4/13
ｔｅｎ！,Nst,2026/4/13
────,R-1,2026/4/13
じゅっと / ミヤネ屋,１st,2026/4/14
ほんわか,３st,2026/4/14
ｔｅｎ！,Nst,2026/4/14
じゅっと / ミヤネ屋,１st,2026/4/15
声,２st,2026/4/15
ｔｅｎ！,Nst,2026/4/15
じゅっと / ミヤネ屋,１st,2026/4/16
ｔｅｎ！,Nst,2026/4/16
Ｔ－Ｇ,R-1,2026/4/16
甲子園,R-2,2026/4/16
ten中継 / NT,その他,2026/4/16
じゅっと / ミヤネ屋,１st,2026/4/17
委員会,３st,2026/4/17
ｔｅｎ！,Nst,2026/4/17
Ｔ－Ｄ,R-1,2026/4/17
甲子園,R-2,2026/4/17
クギズケ,１st,2026/4/18
ジグザグ,３st,2026/4/18
Bリーグ,R-2,2026/4/18
NT,ENG,2026/4/18
Bリーグ,R-2,2026/4/19
NT,ENG,2026/4/19
じゅっと / ミヤネ屋,１st,2026/4/20
ノビしろ,２st,2026/4/20
土ダメ,３st,2026/4/20
ｔｅｎ！,Nst,2026/4/20
しんご芽 / 横浜,ENG,2026/4/20
じゅっと / ミヤネ屋,１st,2026/4/21
ｔｅｎ！,Nst,2026/4/21
じゅっと / ミヤネ屋,１st,2026/4/22
うさかめ,３st,2026/4/22
ｔｅｎ！,Nst,2026/4/22
Bリーグ,R-2,2026/4/22
NT,ENG,2026/4/22
じゅっと / ミヤネ屋,１st,2026/4/23
ｔｅｎ！,Nst,2026/4/23
ten中継 / 東通,その他,2026/4/23
じゅっと / ミヤネ屋,１st,2026/4/24
ｔｅｎ！,Nst,2026/4/24
ジグザグ,３st,2026/4/25
Ｔ－Ｃ,R-1,2026/4/25
甲子園,R-2,2026/4/25
地球便,ENG,2026/4/26
じゅっと / ミヤネ屋,１st,2026/4/27
ｔｅｎ！,Nst,2026/4/27
──,R-1,2026/4/27
じゅっと / ミヤネ屋,１st,2026/4/28
ほんわか,３st,2026/4/28
ｔｅｎ！,Nst,2026/4/28
Ｓ－Ｔ / Ｓ－Ｔ,R-1,2026/4/28
神宮 / Ｂ－Ｈ,R-2,2026/4/28
京ｾﾗ/FBS,ENG,2026/4/28
ミヤネ屋,１st,2026/4/29
ｔｅｎ！,Nst,2026/4/29
──,R-1,2026/4/29
祝日,その他,2026/4/29
じゅっと / ミヤネ屋,１st,2026/4/30
ｔｅｎ！,Nst,2026/4/30
ten中継 / EXP,その他,2026/4/30
じゅっと / ミヤネ屋,１st,2026/5/1
委員会,３st,2026/5/1
ｔｅｎ！,Nst,2026/5/1
クギズケ,１st,2026/5/2
ジグザグ,３st,2026/5/2
Ｔ－Ｇ / Ｔ－Ｇ,R-1,2026/5/2
甲子園,R-2,2026/5/2
ミヤネ屋,１st,2026/5/4
ｔｅｎ！,Nst,2026/5/4
ミヤネ屋,１st,2026/5/5
ｔｅｎ！,Nst,2026/5/5
K.M.C,R-1,2026/5/5
ミヤネ屋,１st,2026/5/6
ｔｅｎ！,Nst,2026/5/6
K.M.C,R-1,2026/5/6
じゅっと / ミヤネ屋,１st,2026/5/7
ｔｅｎ！,Nst,2026/5/7
ten中継 / 東通,その他,2026/5/7
じゅっと / ミヤネ屋,１st,2026/5/8
ｔｅｎ！,Nst,2026/5/8
Ｔ－ＤＢ / Ｔ－ＤＢ,R-1,2026/5/8
甲子園,R-2,2026/5/8
ジグザグ,３st,2026/5/9
もんく,２st,2026/5/10
じゅっと / ミヤネ屋,１st,2026/5/11
人事研修,３st,2026/5/11
ｔｅｎ！,Nst,2026/5/11
じゅっと / ミヤネ屋,１st,2026/5/12
ほんわか,３st,2026/5/12
ｔｅｎ！,Nst,2026/5/12
技術展 / NTV,その他,2026/5/12
じゅっと / ミヤネ屋,１st,2026/5/13
ｔｅｎ！,Nst,2026/5/13
室内楽,R-2,2026/5/13
技術展 / NTV,その他,2026/5/13
じゅっと / ミヤネ屋,１st,2026/5/14
ｔｅｎ！,Nst,2026/5/14
ten中継 / NT,その他,2026/5/14
じゅっと / ミヤネ屋,１st,2026/5/15
委員会,３st,2026/5/15
ｔｅｎ！,Nst,2026/5/15
Ｔ－Ｃ / Ｔ－Ｃ,R-1,2026/5/15
甲子園,R-2,2026/5/15
声 / 番審,ENG,2026/5/15
クギズケ,１st,2026/5/16
ジグザグ,３st,2026/5/16
Ｔ－Ｃ / Ｔ－Ｃ,R-1,2026/5/16
甲子園,R-2,2026/5/16
じゅっと / ミヤネ屋,１st,2026/5/18
ノビしろ,２st,2026/5/18
土ダメ,３st,2026/5/18
ｔｅｎ！,Nst,2026/5/18
じゅっと / ミヤネ屋,１st,2026/5/19
ｔｅｎ！,Nst,2026/5/19
しんご芽,ENG,2026/5/19
じゅっと / ミヤネ屋,１st,2026/5/20
声,２st,2026/5/20
うさかめ,３st,2026/5/20
ｔｅｎ！,Nst,2026/5/20
じゅっと / ミヤネ屋,１st,2026/5/21
ｔｅｎ！,Nst,2026/5/21
音道楽,R-1,2026/5/21
ten中継 / NT,その他,2026/5/21
じゅっと / ミヤネ屋,１st,2026/5/22
吉田粗品,２st,2026/5/22
ｔｅｎ！,Nst,2026/5/22
Ｇ－Ｔ / 音道楽,R-1,2026/5/22
室内楽,R-2,2026/5/22
ytvAwards,その他,2026/5/22
ジグザグ,３st,2026/5/23
地球便,ENG,2026/5/24
じゅっと / ミヤネ屋,１st,2026/5/25
ｔｅｎ！,Nst,2026/5/25
じゅっと / ミヤネ屋,１st,2026/5/26
ｔｅｎ！,Nst,2026/5/26
Ｔ－Ｆ / Ｔ－Ｆ,R-1,2026/5/26
甲子園,R-2,2026/5/26
じゅっと / ミヤネ屋,１st,2026/5/27
ｔｅｎ！,Nst,2026/5/27
じゅっと / ミヤネ屋,１st,2026/5/28
ｔｅｎ！,Nst,2026/5/28
ten中継 / EXP,その他,2026/5/28
じゅっと / ミヤネ屋,１st,2026/5/29
委員会,３st,2026/5/29
ｔｅｎ！,Nst,2026/5/29
クギズケ,１st,2026/5/30
ジグザグ,３st,2026/5/30
じゅっと / ミヤネ屋,１st,2026/6/1
ｔｅｎ！,Nst,2026/6/1
じゅっと / ミヤネ屋,１st,2026/6/2
ｔｅｎ！,Nst,2026/6/2
じゅっと / ミヤネ屋,１st,2026/6/3
うさかめ,３st,2026/6/3
ｔｅｎ！,Nst,2026/6/3
Jｱﾗｰﾄ / 鳴動試験,その他,2026/6/3
じゅっと / ミヤネ屋,１st,2026/6/4
ｔｅｎ！,Nst,2026/6/4
ten中継 / NT,その他,2026/6/4
じゅっと / ミヤネ屋,１st,2026/6/5
吉田粗品,２st,2026/6/5
ｔｅｎ！,Nst,2026/6/5
ジグザグ,３st,2026/6/6
地球便,ENG,2026/6/7
じゅっと / ミヤネ屋,１st,2026/6/8
ｔｅｎ！,Nst,2026/6/8
じゅっと / ミヤネ屋,１st,2026/6/9
ほんわか,３st,2026/6/9
ｔｅｎ！,Nst,2026/6/9
じゅっと / ミヤネ屋,１st,2026/6/10
声,２st,2026/6/10
ｔｅｎ！,Nst,2026/6/10
じゅっと / ミヤネ屋,１st,2026/6/11
音道楽,３st,2026/6/11
ｔｅｎ！,Nst,2026/6/11
ten中継 / EXP,その他,2026/6/11
じゅっと / ミヤネ屋,１st,2026/6/12
委員会,３st,2026/6/12
ｔｅｎ！,Nst,2026/6/12
クギズケ,１st,2026/6/13
ジグザグ,３st,2026/6/13
関西ﾓﾃﾞﾙ,Nst,2026/6/13
関西ﾓﾃﾞﾙ / ﾍﾘ訓練,その他,2026/6/13
じゅっと / ミヤネ屋,１st,2026/6/15
土ダメ,３st,2026/6/15
ｔｅｎ！,Nst,2026/6/15
しんご芽,ENG,2026/6/15
じゅっと / ミヤネ屋,１st,2026/6/16
ｔｅｎ！,Nst,2026/6/16
しんご芽,ENG,2026/6/16
じゅっと / ミヤネ屋,１st,2026/6/17
うさかめ / NT,３st,2026/6/17
ｔｅｎ！,Nst,2026/6/17
読響,R-1,2026/6/17
じゅっと / ミヤネ屋,１st,2026/6/18
吉田粗品 / 生放送,２st,2026/6/18
ｔｅｎ！,Nst,2026/6/18
ten中継 / 東通 / ﾊﾟｰﾙｶｯﾌﾟ,その他,2026/6/18
じゅっと / ミヤネ屋,１st,2026/6/19
ｔｅｎ！,Nst,2026/6/19
ジグザグ,３st,2026/6/20
じゅっと / ミヤネ屋,１st,2026/6/22
ノビしろ,２st,2026/6/22
音道楽,３st,2026/6/22
ｔｅｎ！,Nst,2026/6/22
高松宮杯 / NTV応援,その他,2026/6/22
じゅっと / ミヤネ屋,１st,2026/6/23
ほんわか,３st,2026/6/23
ｔｅｎ！,Nst,2026/6/23
じゅっと / ミヤネ屋,１st,2026/6/24
ｔｅｎ！,Nst,2026/6/24
じゅっと / ミヤネ屋,１st,2026/6/25
ｔｅｎ！,Nst,2026/6/25
ten中継 / NT / 人事配信,その他,2026/6/25
じゅっと / ミヤネ屋,１st,2026/6/26
委員会,３st,2026/6/26
ｔｅｎ！,Nst,2026/6/26
クギズケ,１st,2026/6/27
地球便,ENG,2026/6/28
じゅっと / ミヤネ屋,１st,2026/6/29
土ダメ,３st,2026/6/29
ｔｅｎ！,Nst,2026/6/29
──,その他,2026/6/29
じゅっと / ミヤネ屋,１st,2026/6/30
ｔｅｎ！,Nst,2026/6/30
X Games,R-1,2026/6/30
NTV幕張,R-2,2026/6/30
MUSICDAY / NTV幕張,その他,2026/6/30